Date,TGT
1/2/00,36.7188
1/3/00,36.0313
1/4/00,34.4688
1/5/00,33.6875
1/6/00,32.0938
1/9/00,33.75
1/10/00,33.0938
1/11/00,34.0938
1/12/00,33.7188
1/13/00,34.5
1/16/00,34.625
1/17/00,34.625
1/18/00,34
1/19/00,34.9688
1/20/00,33.8438
1/23/00,32.4063
1/24/00,31.75
1/25/00,32.5625
1/26/00,34.0625
1/27/00,33.6563
1/30/00,31.6875
1/31/00,32.9375
2/1/00,33.7188
2/2/00,34
2/3/00,33.0313
2/6/00,32.3125
2/7/00,32.8438
2/8/00,34.3438
2/9/00,33.5938
2/10/00,33.2188
2/13/00,33.0313
2/14/00,32.625
2/15/00,31.9688
2/16/00,30.9063
2/17/00,29.9375
2/20/00,29.5
2/21/00,29.5
2/22/00,28.875
2/23/00,28.4063
2/24/00,27.9375
2/27/00,27.9375
2/28/00,29.4375
2/29/00,29.5
3/1/00,29.625
3/2/00,30.125
3/5/00,30.875
3/6/00,30.375
3/7/00,29
3/8/00,29.0938
3/9/00,30.0313
3/12/00,30.4063
3/13/00,30.7188
3/14/00,30.4688
3/15/00,32
3/16/00,35.5625
3/19/00,34.75
3/20/00,33.1875
3/21/00,33.4688
3/22/00,33.3438
3/23/00,34
3/26/00,34.5625
3/27/00,34.2188
3/28/00,34.4375
3/29/00,36.3125
3/30/00,38.5938
4/2/00,37.375
4/3/00,38.5
4/4/00,37.6563
4/5/00,37.0938
4/6/00,37
4/9/00,37.125
4/10/00,37.5938
4/11/00,36.4375
4/12/00,36.1563
4/13/00,35.3125
4/16/00,34.1563
4/17/00,32.6563
4/18/00,34.6875
4/19/00,34.25
4/20/00,34.625
4/23/00,34.625
4/24/00,35.125
4/25/00,35.75
4/26/00,35.4063
4/27/00,34
4/30/00,33.2813
5/1/00,34.125
5/2/00,34.4375
5/3/00,31.875
5/4/00,33.0625
5/7/00,34.0391
5/8/00,34.125
5/9/00,34.7188
5/10/00,35.1875
5/11/00,34.9375
5/14/00,35.1367
5/15/00,35.5
5/16/00,35.7188
5/17/00,34.8125
5/18/00,35.4512
5/21/00,35.0938
5/22/00,35.0625
5/23/00,33.5
5/24/00,32.25
5/25/00,32.4688
5/28/00,32.2188
5/29/00,32.2188
5/30/00,30.9063
5/31/00,31.3438
6/1/00,31.5
6/4/00,33
6/5/00,32.1563
6/6/00,28.7813
6/7/00,29.8438
6/8/00,29.875
6/11/00,28.125
6/12/00,27.25
6/13/00,28.3125
6/14/00,29
6/15/00,30.0313
6/18/00,29.25
6/19/00,28.5938
6/20/00,27.5
6/21/00,26.2188
6/22/00,26.8125
6/25/00,27.0313
6/26/00,27.7188
6/27/00,27.9063
6/28/00,27.3359
6/29/00,27.75
7/2/00,29
7/3/00,28.9063
7/4/00,28.9063
7/5/00,28.8438
7/6/00,28.2188
7/9/00,29.4375
7/10/00,30.5938
7/11/00,31.5
7/12/00,31.4063
7/13/00,31.0625
7/16/00,31.0625
7/17/00,30.4531
7/18/00,29.6563
7/19/00,29.5313
7/20/00,30.5
7/23/00,29.9375
7/24/00,29.3125
7/25/00,30.125
7/26/00,31.25
7/27/00,31.1875
7/30/00,30.4375
7/31/00,29
8/1/00,29
8/2/00,30.5
8/3/00,30.0625
8/6/00,29.6875
8/7/00,31.125
8/8/00,31.875
8/9/00,31
8/10/00,29.75
8/13/00,29.625
8/14/00,29.9375
8/15/00,27
8/16/00,26.375
8/17/00,26.0625
8/20/00,26.5
8/21/00,26.25
8/22/00,27.5
8/23/00,26.9375
8/24/00,27.1875
8/27/00,27.1875
8/28/00,26.6875
8/29/00,26.4375
8/30/00,26.0625
8/31/00,23.1875
9/3/00,24.625
9/4/00,24.625
9/5/00,25
9/6/00,25.0625
9/7/00,24.8125
9/10/00,24.875
9/11/00,26.375
9/12/00,26.8125
9/13/00,26.5
9/14/00,28
9/17/00,27.0625
9/18/00,26.25
9/19/00,25.6875
9/20/00,25.75
9/21/00,25.5
9/24/00,26.4375
9/25/00,25.875
9/26/00,24.9493
9/27/00,24.8125
9/28/00,25.25
10/1/00,25.625
10/2/00,25
10/3/00,25.125
10/4/00,25.5
10/5/00,25.9375
10/8/00,24.375
10/9/00,24.5
10/10/00,24.0625
10/11/00,23.375
10/12/00,22.75
10/15/00,24.0625
10/16/00,24.375
10/17/00,23.6875
10/18/00,24
10/19/00,25.9375
10/22/00,25.125
10/23/00,24.75
10/24/00,24.8125
10/25/00,24.25
10/26/00,24.25
10/29/00,24.4375
10/30/00,25.5
10/31/00,27.625
11/1/00,27.5625
11/2/00,28.375
11/5/00,27.5
11/6/00,27.5625
11/7/00,28.375
11/8/00,30.125
11/9/00,27.375
11/12/00,25.9375
11/13/00,26.1875
11/14/00,28.1875
11/15/00,28.875
11/16/00,28.9375
11/19/00,29.375
11/20/00,28.6875
11/21/00,28.875
11/22/00,29.125
11/23/00,29.125
11/26/00,28.4375
11/27/00,29
11/28/00,29
11/29/00,30.125
11/30/00,30.0625
12/3/00,31.4375
12/4/00,32.875
12/5/00,31.5
12/6/00,32.75
12/7/00,33.5625
12/10/00,33.6875
12/11/00,33.3125
12/12/00,32.5625
12/13/00,32.25
12/14/00,31.25
12/17/00,31.25
12/18/00,31.6875
12/19/00,28.75
12/20/00,28.1875
12/21/00,30
12/24/00,30.6875
12/25/00,30.6875
12/26/00,30.625
12/27/00,32.25
12/28/00,32
12/31/00,32.25
1/1/01,32.25
1/2/01,33.25
1/3/01,36.25
1/4/01,36.9375
1/7/01,34.6875
1/8/01,34.375
1/9/01,34.5
1/10/01,34.4375
1/11/01,33.4375
1/14/01,34.8125
1/15/01,34.8125
1/16/01,35.875
1/17/01,35.8125
1/18/01,34.5625
1/21/01,32.75
1/22/01,34.5625
1/23/01,36
1/24/01,36.3125
1/25/01,36.6875
1/28/01,36.375
1/29/01,36.85
1/30/01,36.5
1/31/01,37.98
2/1/01,37.9
2/4/01,36.97
2/5/01,36.35
2/6/01,36.29
2/7/01,36.69
2/8/01,35.36
2/11/01,33.95
2/12/01,36.15
2/13/01,36.83
2/14/01,36.61
2/15/01,36.5
2/18/01,35.72
2/19/01,35.72
2/20/01,37.25
2/21/01,34.8
2/22/01,35.8
2/25/01,35.74
2/26/01,37.8
2/27/01,38.37
2/28/01,39
3/1/01,37.29
3/4/01,36.95
3/5/01,36.4
3/6/01,38
3/7/01,38.3
3/8/01,38
3/11/01,37.6
3/12/01,36.51
3/13/01,35.65
3/14/01,35.5
3/15/01,35.57
3/18/01,34.93
3/19/01,35.6
3/20/01,35.75
3/21/01,36.87
3/22/01,34.5
3/25/01,34.9
3/26/01,35.79
3/27/01,36.88
3/28/01,36.15
3/29/01,35.46
4/1/01,36.08
4/2/01,36.3
4/3/01,35.08
4/4/01,34.31
4/5/01,35.85
4/8/01,35.6
4/9/01,35.05
4/10/01,35.85
4/11/01,35.7
4/12/01,35.85
4/15/01,35.85
4/16/01,35.75
4/17/01,35.35
4/18/01,38.25
4/19/01,37.48
4/22/01,37.5
4/23/01,36.74
4/24/01,35.98
4/25/01,36.27
4/26/01,37.55
4/29/01,39.16
4/30/01,38.45
5/1/01,39.09
5/2/01,38.89
5/3/01,39.01
5/6/01,39.25
5/7/01,38.94
5/8/01,38.51
5/9/01,38.3
5/10/01,39.5
5/13/01,39.93
5/14/01,39.7
5/15/01,38.3
5/16/01,38
5/17/01,38.37
5/20/01,37.8
5/21/01,37.75
5/22/01,38.89
5/23/01,37.69
5/24/01,37.53
5/27/01,37.36
5/28/01,37.36
5/29/01,37.2
5/30/01,37.78
5/31/01,37.8
6/3/01,37.8
6/4/01,37.02
6/5/01,37.61
6/6/01,37.34
6/7/01,37.96
6/10/01,38.26
6/11/01,37.25
6/12/01,37.12
6/13/01,36.85
6/14/01,36.7
6/17/01,35.62
6/18/01,36.33
6/19/01,36.27
6/20/01,35.99
6/21/01,36.31
6/24/01,36.34
6/25/01,36.81
6/26/01,36.73
6/27/01,35.26
6/28/01,35.52
7/1/01,34.6
7/2/01,35.59
7/3/01,35.99
7/4/01,35.99
7/5/01,35.38
7/8/01,33.51
7/9/01,33.2
7/10/01,32.74
7/11/01,33.38
7/12/01,35.95
7/15/01,36.19
7/16/01,35.85
7/17/01,35.62
7/18/01,35.49
7/19/01,36.2
7/22/01,37.25
7/23/01,37
7/24/01,36.75
7/25/01,36.9
7/26/01,36.85
7/29/01,36.8
7/30/01,37.3
7/31/01,38.7
8/1/01,37.7
8/2/01,38.03
8/5/01,38.25
8/6/01,37.86
8/7/01,39.03
8/8/01,38
8/9/01,38.2
8/12/01,37.85
8/13/01,37.61
8/14/01,37.48
8/15/01,37.4
8/16/01,37.06
8/19/01,36.62
8/20/01,37.1
8/21/01,35.36
8/22/01,36.1
8/23/01,35.89
8/26/01,35.71
8/27/01,35.3
8/28/01,34.82
8/29/01,35.05
8/30/01,34.8
9/2/01,34.65
9/3/01,34.65
9/4/01,34.85
9/5/01,34.98
9/6/01,33.15
9/9/01,31.78
9/10/01,32.2
9/11/01,32.2
9/12/01,32.2
9/13/01,32.2
9/16/01,32.2
9/17/01,29.66
9/18/01,29.13
9/19/01,28.26
9/20/01,26.9
9/23/01,26.68
9/24/01,30.15
9/25/01,31.2
9/26/01,31.51
9/27/01,31.36
9/30/01,31.75
10/1/01,31.41
10/2/01,32.04
10/3/01,34.4
10/4/01,33
10/7/01,32.81
10/8/01,31.45
10/9/01,31.05
10/10/01,32.31
10/11/01,33.05
10/14/01,31.67
10/15/01,31.12
10/16/01,31.8
10/17/01,31
10/18/01,31.07
10/21/01,31.5
10/22/01,31.6
10/23/01,31.25
10/24/01,30.67
10/25/01,31.1
10/28/01,31.45
10/29/01,30.2
10/30/01,29.1
10/31/01,31.15
11/1/01,32.19
11/4/01,33.69
11/5/01,34.5
11/6/01,35.32
11/7/01,34.11
11/8/01,34.35
11/11/01,34.47
11/12/01,35
11/13/01,36.22
11/14/01,37.44
11/15/01,37.89
11/18/01,36.41
11/19/01,37.79
11/20/01,36.5
11/21/01,36.76
11/22/01,36.76
11/25/01,37.71
11/26/01,38.12
11/27/01,37.98
11/28/01,38.15
11/29/01,37.41
12/2/01,37.54
12/3/01,37.16
12/4/01,37.36
12/5/01,39.62
12/6/01,38.67
12/9/01,38
12/10/01,36.7
12/11/01,35.98
12/12/01,36.22
12/13/01,36.01
12/16/01,36.75
12/17/01,37.48
12/18/01,37.26
12/19/01,37.86
12/20/01,37.3
12/23/01,38.21
12/24/01,38.04
12/25/01,38.04
12/26/01,38.46
12/27/01,39.65
12/30/01,41.25
12/31/01,41.05
1/1/02,41.05
1/2/02,41
1/3/02,41.15
1/6/02,41.94
1/7/02,41.95
1/8/02,41.61
1/9/02,40.38
1/10/02,40.85
1/13/02,40.3
1/14/02,39.46
1/15/02,40.01
1/16/02,39.66
1/17/02,40.51
1/20/02,40.66
1/21/02,40.66
1/22/02,41.82
1/23/02,42.66
1/24/02,42.9
1/27/02,42.24
1/28/02,43.1
1/29/02,41.85
1/30/02,43.76
1/31/02,44.41
2/3/02,43.35
2/4/02,42.95
2/5/02,42.5
2/6/02,42.5
2/7/02,42
2/10/02,42.48
2/11/02,43.95
2/12/02,43.98
2/13/02,45
2/14/02,45
2/17/02,44.5
2/18/02,44.5
2/19/02,43.61
2/20/02,45
2/21/02,44.5
2/24/02,44.39
2/25/02,44.75
2/26/02,45.72
2/27/02,43.9
2/28/02,41.9
3/3/02,43.15
3/4/02,43.4
3/5/02,41.5
3/6/02,42.22
3/7/02,43.49
3/10/02,44.25
3/11/02,44.59
3/12/02,44.48
3/13/02,43.74
3/14/02,43.78
3/17/02,45
3/18/02,44.94
3/19/02,44.35
3/20/02,44.99
3/21/02,44.15
3/24/02,43.65
3/25/02,43.4
3/26/02,42.8
3/27/02,42.92
3/28/02,43.12
3/31/02,43.12
4/1/02,42.85
4/2/02,41.8
4/3/02,41.45
4/4/02,42.03
4/7/02,42.36
4/8/02,43.66
4/9/02,44.05
4/10/02,44.75
4/11/02,44.67
4/14/02,44.99
4/15/02,44.29
4/16/02,45
4/17/02,44.39
4/18/02,44.61
4/21/02,44.6
4/22/02,43.73
4/23/02,43.94
4/24/02,43.24
4/25/02,43.75
4/28/02,43.55
4/29/02,43.81
4/30/02,43.65
5/1/02,44.18
5/2/02,44.12
5/5/02,44.01
5/6/02,44
5/7/02,44.94
5/8/02,44.32
5/9/02,42.03
5/12/02,41.16
5/13/02,41.58
5/14/02,42.78
5/15/02,42.4
5/16/02,43.37
5/19/02,43.15
5/20/02,42.7
5/21/02,41.54
5/22/02,41.8
5/23/02,41.9
5/26/02,41.45
5/27/02,41.45
5/28/02,40.48
5/29/02,40
5/30/02,40.5
6/2/02,41.45
6/3/02,40.36
6/4/02,39.5
6/5/02,40
6/6/02,38.4
6/9/02,38.23
6/10/02,38.78
6/11/02,39.07
6/12/02,40.21
6/13/02,38.88
6/16/02,37.83
6/17/02,39.36
6/18/02,39.2
6/19/02,38.9
6/20/02,37.85
6/23/02,36.8
6/24/02,36.33
6/25/02,36.8
6/26/02,37.04
6/27/02,37.96
6/30/02,38.1
7/1/02,36.75
7/2/02,35.76
7/3/02,37.05
7/4/02,37.05
7/7/02,39
7/8/02,38.44
7/9/02,38
7/10/02,36.83
7/11/02,36.9
7/14/02,36.15
7/15/02,36.44
7/16/02,34.62
7/17/02,33.5
7/18/02,33.01
7/21/02,31.92
7/22/02,31.05
7/23/02,30.46
7/24/02,33.08
7/25/02,32.86
7/28/02,33
7/29/02,35.29
7/30/02,34.4
7/31/02,33.35
8/1/02,31.4
8/4/02,31
8/5/02,31.5
8/6/02,32.75
8/7/02,32.36
8/8/02,32.25
8/11/02,32.67
8/12/02,31.94
8/13/02,30.96
8/14/02,32.17
8/15/02,35.1
8/18/02,35.54
8/19/02,36.8
8/20/02,36.94
8/21/02,37.13
8/22/02,37.25
8/25/02,35.9
8/26/02,35.79
8/27/02,35
8/28/02,34.1
8/29/02,33.9
9/1/02,34.2
9/2/02,34.2
9/3/02,33.22
9/4/02,34.32
9/5/02,33.1
9/8/02,34.4
9/9/02,35
9/10/02,35.57
9/11/02,36.1
9/12/02,35.34
9/15/02,36.22
9/16/02,36.9
9/17/02,35.74
9/18/02,35.97
9/19/02,34.58
9/22/02,33.66
9/23/02,31.96
9/24/02,31.98
9/25/02,32.52
9/26/02,34.11
9/29/02,31.91
9/30/02,29.52
10/1/02,30
10/2/02,29.2
10/3/02,28.67
10/6/02,28.35
10/7/02,26.15
10/8/02,28.21
10/9/02,26.75
10/10/02,27.83
10/13/02,29.88
10/14/02,30.04
10/15/02,32.09
10/16/02,30.83
10/17/02,29.51
10/20/02,30.87
10/21/02,31.51
10/22/02,30.6
10/23/02,31.53
10/24/02,31.78
10/27/02,31.72
10/28/02,31.32
10/29/02,31.53
10/30/02,30.2
10/31/02,30.12
11/3/02,30.87
11/4/02,30.59
11/5/02,31
11/6/02,30.81
11/7/02,30.82
11/10/02,30.75
11/11/02,29.8
11/12/02,30.85
11/13/02,30.03
11/14/02,33.49
11/17/02,32.89
11/18/02,31.38
11/19/02,31.1
11/20/02,31.17
11/21/02,32.75
11/24/02,32.95
11/25/02,33.51
11/26/02,33.58
11/27/02,35.3
11/28/02,35.3
12/1/02,34.78
12/2/02,35.74
12/3/02,34.56
12/4/02,35.16
12/5/02,34.64
12/8/02,33.96
12/9/02,32.31
12/10/02,33.2
12/11/02,32.87
12/12/02,32.7
12/15/02,30.97
12/16/02,31.8
12/17/02,29.75
12/18/02,29.65
12/19/02,29.48
12/22/02,29.89
12/23/02,28.54
12/24/02,28.18
12/25/02,28.18
12/26/02,28.75
12/29/02,28.65
12/30/02,30
12/31/02,30
1/1/03,30
1/2/03,31.11
1/5/03,30.15
1/6/03,30.25
1/7/03,29.95
1/8/03,30.12
1/9/03,31.42
1/12/03,31.2
1/13/03,30.72
1/14/03,30.7
1/15/03,29.89
1/16/03,30.19
1/19/03,29.67
1/20/03,29.67
1/21/03,28.63
1/22/03,28.06
1/23/03,28.75
1/26/03,27.7
1/27/03,27.26
1/28/03,27
1/29/03,27.15
1/30/03,27.55
2/2/03,28.21
2/3/03,28.52
2/4/03,27.78
2/5/03,27.87
2/6/03,27.2
2/9/03,26.8
2/10/03,26.77
2/11/03,26.97
2/12/03,27.27
2/13/03,27.01
2/16/03,27.69
2/17/03,27.69
2/18/03,28.02
2/19/03,27.87
2/20/03,26.77
2/23/03,28.48
2/24/03,28.23
2/25/03,28.51
2/26/03,28.12
2/27/03,27.9
3/2/03,28.65
3/3/03,27.56
3/4/03,26.5
3/5/03,26.34
3/6/03,26.06
3/9/03,26.75
3/10/03,26.67
3/11/03,26.27
3/12/03,26.82
3/13/03,28.27
3/16/03,27.28
3/17/03,29.4
3/18/03,29.25
3/19/03,29.6
3/20/03,29.93
3/23/03,30.73
3/24/03,29.5
3/25/03,29.76
3/26/03,29.9
3/27/03,29.51
3/30/03,29.56
3/31/03,29.26
4/1/03,29.15
4/2/03,30.45
4/3/03,30.31
4/6/03,30.94
4/7/03,31.78
4/8/03,31.71
4/9/03,30.79
4/10/03,31.85
4/13/03,30.88
4/14/03,31.41
4/15/03,32.14
4/16/03,31.69
4/17/03,32.3
4/20/03,32.3
4/21/03,32.46
4/22/03,33.01
4/23/03,33.23
4/24/03,32.79
4/27/03,32.35
4/28/03,33.12
4/29/03,33.35
4/30/03,33.44
5/1/03,32.9
5/4/03,33.32
5/5/03,33.67
5/6/03,34.33
5/7/03,34.17
5/8/03,34.78
5/11/03,35.27
5/12/03,36.13
5/13/03,36.41
5/14/03,35.93
5/15/03,34.46
5/18/03,34.05
5/19/03,33.2
5/20/03,33.4
5/21/03,33.06
5/22/03,33.69
5/25/03,33.06
5/26/03,33.06
5/27/03,34
5/28/03,35.25
5/29/03,35.36
6/1/03,36.63
6/2/03,37.16
6/3/03,37.08
6/4/03,37.7
6/5/03,37.55
6/8/03,37.79
6/9/03,36.99
6/10/03,37.48
6/11/03,37.78
6/12/03,37.92
6/15/03,37
6/16/03,38
6/17/03,37.6
6/18/03,37.51
6/19/03,37.3
6/22/03,37.45
6/23/03,37.02
6/24/03,37.41
6/25/03,37.1
6/26/03,37.55
6/29/03,37.23
6/30/03,37.84
7/1/03,37.62
7/2/03,37.96
7/3/03,37.39
7/6/03,37.39
7/7/03,38.64
7/8/03,39.82
7/9/03,38.95
7/10/03,37.74
7/13/03,38.43
7/14/03,38.84
7/15/03,38.89
7/16/03,39.14
7/17/03,38.5
7/20/03,38.42
7/21/03,38.31
7/22/03,38.64
7/23/03,38.54
7/24/03,38.48
7/27/03,39.1
7/28/03,39.44
7/29/03,38.2
7/30/03,38.23
7/31/03,38.32
8/3/03,38.01
8/4/03,38.56
8/5/03,37.65
8/6/03,37.69
8/7/03,38
8/10/03,38.91
8/11/03,39.15
8/12/03,40
8/13/03,39.94
8/14/03,37.7
8/17/03,37.89
8/18/03,38.72
8/19/03,38.89
8/20/03,38.8
8/21/03,39.01
8/24/03,38.4
8/25/03,38.71
8/26/03,39.1
8/27/03,39.12
8/28/03,40.22
8/31/03,40.6
9/1/03,40.6
9/2/03,41.51
9/3/03,41.54
9/4/03,40.75
9/7/03,40.01
9/8/03,40.15
9/9/03,39.02
9/10/03,38.56
9/11/03,39.09
9/14/03,39.03
9/15/03,39.19
9/16/03,39.45
9/17/03,39.29
9/18/03,39.6
9/21/03,39.24
9/22/03,38.1
9/23/03,39.49
9/24/03,38.89
9/25/03,39.11
9/28/03,38.25
9/29/03,37.55
9/30/03,37.63
10/1/03,38.62
10/2/03,38.24
10/5/03,39.35
10/6/03,39.15
10/7/03,39.69
10/8/03,39.3
10/9/03,40.4
10/12/03,39.57
10/13/03,40.11
10/14/03,40.67
10/15/03,40.34
10/16/03,40.25
10/19/03,39.68
10/20/03,39.41
10/21/03,39.89
10/22/03,39.11
10/23/03,39.03
10/26/03,38.38
10/27/03,38.8
10/28/03,39.69
10/29/03,39.5
10/30/03,39.28
11/2/03,39.74
11/3/03,39.86
11/4/03,39.44
11/5/03,38.84
11/6/03,39.15
11/9/03,38.86
11/10/03,39.05
11/11/03,39.42
11/12/03,39.93
11/13/03,39
11/16/03,38.64
11/17/03,38.34
11/18/03,38
11/19/03,38.48
11/20/03,37.86
11/23/03,37.75
11/24/03,38.74
11/25/03,38.98
11/26/03,38.72
11/27/03,38.72
11/30/03,38.72
12/1/03,39.58
12/2/03,39.01
12/3/03,39.23
12/4/03,40.15
12/7/03,39.19
12/8/03,39.24
12/9/03,39.12
12/10/03,39.1
12/11/03,39.01
12/14/03,38.77
12/15/03,37.12
12/16/03,37.24
12/17/03,38.4
12/18/03,38.5
12/21/03,38.01
12/22/03,38.16
12/23/03,38.03
12/24/03,37.65
12/25/03,37.65
12/28/03,37.72
12/29/03,38.65
12/30/03,38.38
12/31/03,38.4
1/1/04,38.4
1/4/04,37.72
1/5/04,37.4
1/6/04,38.57
1/7/04,38.27
1/8/04,37.76
1/11/04,37.05
1/12/04,37.34
1/13/04,38.24
1/14/04,38.35
1/15/04,39.05
1/18/04,39.16
1/19/04,39.16
1/20/04,37.92
1/21/04,38.26
1/22/04,38.4
1/25/04,39
1/26/04,38.52
1/27/04,38.78
1/28/04,37.47
1/29/04,38.02
2/1/04,37.96
2/2/04,38.59
2/3/04,39
2/4/04,39
2/5/04,39.1
2/8/04,39.44
2/9/04,39.53
2/10/04,41.3
2/11/04,41.65
2/12/04,41.72
2/15/04,41.17
2/16/04,41.17
2/17/04,41.88
2/18/04,42.29
2/19/04,41.71
2/22/04,42.64
2/23/04,42.92
2/24/04,42.72
2/25/04,42.91
2/26/04,43.2
2/29/04,43.96
3/1/04,44.41
3/2/04,43.58
3/3/04,43.59
3/4/04,43.77
3/7/04,43.2
3/8/04,42.93
3/9/04,42.85
3/10/04,41.73
3/11/04,44.7
3/14/04,45.63
3/15/04,45.14
3/16/04,45.29
3/17/04,45
3/18/04,44.89
3/21/04,44.73
3/22/04,44.22
3/23/04,43.84
3/24/04,43.83
3/25/04,44.42
3/28/04,44.51
3/29/04,45.43
3/30/04,45.21
3/31/04,45.04
4/1/04,44.32
4/4/04,44.75
4/5/04,45.08
4/6/04,45.4
4/7/04,44.81
4/8/04,44.17
4/11/04,44.17
4/12/04,44.85
4/13/04,43.71
4/14/04,42.86
4/15/04,43.69
4/18/04,44.28
4/19/04,43.8
4/20/04,43.71
4/21/04,44.1
4/22/04,44.96
4/25/04,44.74
4/26/04,44.22
4/27/04,44.54
4/28/04,44.22
4/29/04,43.4
5/2/04,43.37
5/3/04,44.07
5/4/04,44.1
5/5/04,44.71
5/6/04,44.15
5/9/04,43.26
5/10/04,43.55
5/11/04,44.29
5/12/04,44.35
5/13/04,43.17
5/16/04,43
5/17/04,42.21
5/18/04,43.36
5/19/04,43.28
5/20/04,43.03
5/23/04,43.21
5/24/04,43.76
5/25/04,44.13
5/26/04,43.65
5/27/04,44.41
5/30/04,44.7
5/31/04,44.7
6/1/04,44.26
6/2/04,45.38
6/3/04,45.36
6/6/04,45.21
6/7/04,45.88
6/8/04,46.2
6/9/04,45.63
6/10/04,45.75
6/13/04,45.75
6/14/04,45.75
6/15/04,46.21
6/16/04,46
6/17/04,46.19
6/20/04,45.99
6/21/04,46.43
6/22/04,45.16
6/23/04,45.82
6/24/04,45.45
6/27/04,44.45
6/28/04,44.04
6/29/04,42.29
6/30/04,42.47
7/1/04,42.25
7/4/04,41.75
7/5/04,41.75
7/6/04,41.24
7/7/04,41.49
7/8/04,40.8
7/11/04,41.27
7/12/04,42.35
7/13/04,43.64
7/14/04,42.61
7/15/04,42.6
7/18/04,42.4
7/19/04,42.74
7/20/04,43.51
7/21/04,43
7/22/04,43.12
7/25/04,43.83
7/26/04,42.77
7/27/04,44.27
7/28/04,44.03
7/29/04,44.33
8/1/04,43.6
8/2/04,43.89
8/3/04,43.45
8/4/04,43.13
8/5/04,41.76
8/8/04,40.81
8/9/04,41.09
8/10/04,41.06
8/11/04,40.42
8/12/04,41.9
8/15/04,42.94
8/16/04,43.91
8/17/04,43.98
8/18/04,44.11
8/19/04,43.91
8/22/04,43.81
8/23/04,43.74
8/24/04,44.33
8/25/04,44.78
8/26/04,44.67
8/29/04,44.94
8/30/04,44.74
8/31/04,44.58
9/1/04,44.96
9/2/04,45.73
9/5/04,45.93
9/6/04,45.93
9/7/04,46.25
9/8/04,45.81
9/9/04,45.17
9/12/04,45.82
9/13/04,46.25
9/14/04,46.21
9/15/04,45.59
9/16/04,45.35
9/19/04,45.32
9/20/04,45.38
9/21/04,45.66
9/22/04,45.38
9/23/04,45.16
9/26/04,46.22
9/27/04,45.75
9/28/04,45.83
9/29/04,45.81
9/30/04,45.25
10/3/04,45.45
10/4/04,46.69
10/5/04,46.52
10/6/04,47.1
10/7/04,47.13
10/10/04,47.33
10/11/04,47.76
10/12/04,47.44
10/13/04,46.67
10/14/04,46.02
10/17/04,46.89
10/18/04,47.75
10/19/04,48.46
10/20/04,48.17
10/21/04,48.1
10/24/04,47.71
10/25/04,47.83
10/26/04,48.46
10/27/04,49.45
10/28/04,50
10/31/04,50.02
11/1/04,50.47
11/2/04,50.5
11/3/04,50.37
11/4/04,51.33
11/7/04,51.83
11/8/04,51.56
11/9/04,51.09
11/10/04,50.88
11/11/04,50.77
11/14/04,52.02
11/15/04,52.43
11/16/04,51.46
11/17/04,51.02
11/18/04,51.6
11/21/04,51.29
11/22/04,51.2
11/23/04,51.7
11/24/04,51.97
11/25/04,51.97
11/28/04,52.21
11/29/04,51.9
11/30/04,51.22
12/1/04,51.93
12/2/04,52.4
12/5/04,51.7
12/6/04,51.11
12/7/04,50.88
12/8/04,51.66
12/9/04,51.92
12/12/04,51.7
12/13/04,51.51
12/14/04,51.93
12/15/04,51.8
12/16/04,51.19
12/19/04,50.53
12/20/04,50.54
12/21/04,50.6
12/22/04,50.66
12/23/04,50.5
12/26/04,50.5
12/27/04,51.31
12/28/04,51.86
12/29/04,51.7
12/30/04,52.1
1/2/05,51.93
1/3/05,51.8
1/4/05,51.24
1/5/05,51.28
1/6/05,48.5
1/9/05,49.02
1/10/05,49.68
1/11/05,49.21
1/12/05,49.74
1/13/05,49.25
1/16/05,49.75
1/17/05,49.75
1/18/05,50.2
1/19/05,49.94
1/20/05,49.95
1/23/05,49.1
1/24/05,48.66
1/25/05,49.09
1/26/05,50.5
1/27/05,50.16
1/30/05,49.49
1/31/05,50.77
2/1/05,50.7
2/2/05,51.31
2/3/05,51.74
2/6/05,51.52
2/7/05,51.37
2/8/05,50.64
2/9/05,49.7
2/10/05,49.06
2/13/05,49.23
2/14/05,49.7
2/15/05,49.82
2/16/05,49.07
2/17/05,50.16
2/20/05,50.62
2/21/05,50.62
2/22/05,49.99
2/23/05,51
2/24/05,51.14
2/27/05,51.37
2/28/05,50.82
3/1/05,51.32
3/2/05,51.87
3/3/05,52.5
3/6/05,52.39
3/7/05,52.37
3/8/05,52.25
3/9/05,52.02
3/10/05,52.29
3/13/05,51.75
3/14/05,52.15
3/15/05,51.95
3/16/05,51.43
3/17/05,51.43
3/20/05,50.76
3/21/05,50.28
3/22/05,50.44
3/23/05,50.09
3/24/05,50.09
3/27/05,50.09
3/28/05,50.47
3/29/05,50.25
3/30/05,50.8
3/31/05,50.02
4/3/05,49.4
4/4/05,49.75
4/5/05,50.42
4/6/05,49.97
4/7/05,50.74
4/10/05,50.05
4/11/05,49.75
4/12/05,50.4
4/13/05,49.73
4/14/05,48.99
4/17/05,48
4/18/05,48.62
4/19/05,47.89
4/20/05,46.85
4/21/05,47.85
4/24/05,46.63
4/25/05,47.02
4/26/05,46.57
4/27/05,46.9
4/28/05,46.85
5/1/05,46.41
5/2/05,47.2
5/3/05,46.95
5/4/05,46.28
5/5/05,47.28
5/8/05,46.87
5/9/05,47.61
5/10/05,47.51
5/11/05,48.2
5/12/05,48.8
5/15/05,48.49
5/16/05,49.5
5/17/05,50.34
5/18/05,52.02
5/19/05,52.67
5/22/05,51.89
5/23/05,52.14
5/24/05,52.85
5/25/05,52.91
5/26/05,53.33
5/29/05,53.5
5/30/05,53.5
5/31/05,53.7
6/1/05,53.83
6/2/05,54.65
6/5/05,53.92
6/6/05,53.94
6/7/05,54.21
6/8/05,53.9
6/9/05,53.93
6/12/05,53.55
6/13/05,53.33
6/14/05,54.55
6/15/05,55
6/16/05,54.56
6/19/05,54.42
6/20/05,54.9
6/21/05,54.75
6/22/05,55.93
6/23/05,55.03
6/26/05,54.07
6/27/05,54.72
6/28/05,55.67
6/29/05,54.9
6/30/05,54.41
7/3/05,54.56
7/4/05,54.56
7/5/05,56.04
7/6/05,55.56
7/7/05,56.42
7/10/05,56.93
7/11/05,57.21
7/12/05,58.26
7/13/05,57.87
7/14/05,58.39
7/17/05,58.7
7/18/05,59
7/19/05,59.56
7/20/05,59.98
7/21/05,58.23
7/24/05,59.1
7/25/05,58.72
7/26/05,59.03
7/27/05,59.35
7/28/05,59.64
7/31/05,58.75
8/1/05,57.8
8/2/05,57.64
8/3/05,57.67
8/4/05,56.09
8/7/05,55.47
8/8/05,55.05
8/9/05,55.42
8/10/05,55.54
8/11/05,55.65
8/14/05,56.58
8/15/05,57.15
8/16/05,55.71
8/17/05,56
8/18/05,56.15
8/21/05,55.34
8/22/05,56.14
8/23/05,56.1
8/24/05,55.75
8/25/05,56.01
8/28/05,55.68
8/29/05,55.72
8/30/05,54.14
8/31/05,53.75
9/1/05,52.78
9/4/05,53.16
9/5/05,53.16
9/6/05,53.96
9/7/05,54.14
9/8/05,54.05
9/11/05,54.4
9/12/05,55.42
9/13/05,54.19
9/14/05,52.75
9/15/05,52.77
9/18/05,53.3
9/19/05,52.23
9/20/05,50.84
9/21/05,50.85
9/22/05,52.6
9/25/05,52.59
9/26/05,52.68
9/27/05,52.73
9/28/05,51.36
9/29/05,51.5
10/2/05,51.93
10/3/05,51.82
10/4/05,52.1
10/5/05,51.24
10/6/05,52.02
10/9/05,52.77
10/10/05,52.22
10/11/05,51.99
10/12/05,51.45
10/13/05,52.35
10/16/05,53.49
10/17/05,53.26
10/18/05,53.22
10/19/05,56
10/20/05,55.76
10/23/05,54.64
10/24/05,55.22
10/25/05,54.05
10/26/05,53.86
10/27/05,52.5
10/30/05,54.51
10/31/05,55.69
11/1/05,55.3
11/2/05,56.97
11/3/05,56.8
11/6/05,57.41
11/7/05,57.79
11/8/05,56.89
11/9/05,56.56
11/10/05,58.85
11/13/05,58.45
11/14/05,58.43
11/15/05,54.3
11/16/05,54.51
11/17/05,55.4
11/20/05,55.22
11/21/05,54.92
11/22/05,55.07
11/23/05,55.1
11/24/05,55.1
11/27/05,55.23
11/28/05,54.72
11/29/05,54
11/30/05,53.51
12/1/05,53.8
12/4/05,53.86
12/5/05,52.61
12/6/05,53.2
12/7/05,53.09
12/8/05,52.7
12/11/05,53.8
12/12/05,54.12
12/13/05,54.56
12/14/05,54.5
12/15/05,54.55
12/18/05,53.67
12/19/05,52.8
12/20/05,54.03
12/21/05,54.5
12/22/05,54.95
12/25/05,55.51
12/26/05,55.51
12/27/05,55.58
12/28/05,55.55
12/29/05,55.24
1/1/06,54.97
1/2/06,54.97
1/3/06,54.72
1/4/06,54.65
1/5/06,54.49
1/8/06,54.33
1/9/06,54.4
1/10/06,54.34
1/11/06,54.34
1/12/06,53.93
1/15/06,54.38
1/16/06,54.38
1/17/06,54.1
1/18/06,53.94
1/19/06,54.42
1/22/06,53.58
1/23/06,52.75
1/24/06,54.25
1/25/06,54.8
1/26/06,53.9
1/29/06,54.17
1/30/06,54.37
1/31/06,54.75
2/1/06,54.74
2/2/06,55.23
2/5/06,54.96
2/6/06,55
2/7/06,54.31
2/8/06,54.05
2/9/06,53.98
2/12/06,54.61
2/13/06,54.54
2/14/06,55.43
2/15/06,55.8
2/16/06,54.59
2/19/06,54.31
2/20/06,54.31
2/21/06,53.66
2/22/06,54.6
2/23/06,54.51
2/26/06,54.05
2/27/06,55.48
2/28/06,54.4
3/1/06,54.57
3/2/06,53.71
3/5/06,53.39
3/6/06,52.94
3/7/06,52.86
3/8/06,53.37
3/9/06,52.75
3/12/06,53.31
3/13/06,53.36
3/14/06,54.54
3/15/06,53.72
3/16/06,53.72
3/19/06,53.77
3/20/06,53.53
3/21/06,53.36
3/22/06,53.56
3/23/06,53.33
3/26/06,53.71
3/27/06,53.17
3/28/06,53.25
3/29/06,53.3
3/30/06,52.75
4/2/06,52.01
4/3/06,51.18
4/4/06,51.56
4/5/06,52.18
4/6/06,52.62
4/9/06,51.96
4/10/06,51.62
4/11/06,51.19
4/12/06,51.39
4/13/06,51.48
4/16/06,51.48
4/17/06,51.23
4/18/06,51.68
4/19/06,51.46
4/20/06,51.6
4/23/06,50.85
4/24/06,51.8
4/25/06,52.08
4/26/06,53.35
4/27/06,53.46
4/30/06,53.1
5/1/06,53.12
5/2/06,53.59
5/3/06,53.52
5/4/06,53.15
5/7/06,54.54
5/8/06,54.71
5/9/06,54.3
5/10/06,53.99
5/11/06,53.42
5/14/06,52.21
5/15/06,50.02
5/16/06,49.33
5/17/06,48.7
5/18/06,48.42
5/21/06,49.16
5/22/06,49.13
5/23/06,49.14
5/24/06,48.98
5/25/06,49.02
5/28/06,48.85
5/29/06,48.85
5/30/06,48.68
5/31/06,48.92
6/1/06,49.27
6/4/06,49.19
6/5/06,48.45
6/6/06,47.6
6/7/06,48.9
6/8/06,49.34
6/11/06,48.41
6/12/06,48.21
6/13/06,48.06
6/14/06,48.27
6/15/06,49.51
6/18/06,49.22
6/19/06,49.1
6/20/06,49.04
6/21/06,49.62
6/22/06,49.4
6/25/06,49.25
6/26/06,49.51
6/27/06,48.5
6/28/06,48.46
6/29/06,49.32
7/2/06,48.87
7/3/06,48.63
7/4/06,48.63
7/5/06,48.27
7/6/06,49.17
7/9/06,49.22
7/10/06,49.61
7/11/06,50.14
7/12/06,49.03
7/13/06,48.5
7/16/06,47.74
7/17/06,47.55
7/18/06,45.53
7/19/06,45.72
7/20/06,46.45
7/23/06,46.08
7/24/06,46.18
7/25/06,46.53
7/26/06,45.87
7/27/06,46.09
7/30/06,46.46
7/31/06,45.92
8/1/06,45.65
8/2/06,45.78
8/3/06,46.39
8/6/06,47.22
8/7/06,46.74
8/8/06,45.94
8/9/06,45.28
8/10/06,47.72
8/13/06,48.4
8/14/06,48.17
8/15/06,48.68
8/16/06,49.36
8/17/06,49.83
8/20/06,49.8
8/21/06,48.9
8/22/06,48.82
8/23/06,47.67
8/24/06,46.99
8/27/06,46.9
8/28/06,47.72
8/29/06,48.72
8/30/06,48.58
8/31/06,48.39
9/3/06,48.95
9/4/06,48.95
9/5/06,48.97
9/6/06,48.32
9/7/06,48.68
9/10/06,50.56
9/11/06,51.25
9/12/06,52.5
9/13/06,52.81
9/14/06,53.26
9/17/06,53.64
9/18/06,53.58
9/19/06,54.39
9/20/06,55.02
9/21/06,54.39
9/24/06,54.83
9/25/06,55.88
9/26/06,56.02
9/27/06,55.92
9/28/06,56.24
10/1/06,55.25
10/2/06,55.82
10/3/06,56.81
10/4/06,57.63
10/5/06,58.68
10/8/06,58.55
10/9/06,58.59
10/10/06,58.65
10/11/06,58.56
10/12/06,59.64
10/15/06,59.68
10/16/06,59.25
10/17/06,58.28
10/18/06,58.19
10/19/06,57.42
10/22/06,58
10/23/06,59.72
10/24/06,59.09
10/25/06,58.07
10/26/06,59.27
10/29/06,58.56
10/30/06,58.86
10/31/06,59.18
11/1/06,57.7
11/2/06,56.96
11/5/06,56.03
11/6/06,57.2
11/7/06,57.32
11/8/06,57.64
11/9/06,56.57
11/12/06,57.94
11/13/06,57.76
11/14/06,59.16
11/15/06,58.27
11/16/06,58.55
11/19/06,58.22
11/20/06,57.9
11/21/06,57.71
11/22/06,58.42
11/23/06,58.42
11/26/06,57.71
11/27/06,57.07
11/28/06,56.86
11/29/06,57.85
11/30/06,58.09
12/3/06,57.31
12/4/06,58.03
12/5/06,58.43
12/6/06,58.13
12/7/06,58.07
12/10/06,58.13
12/11/06,58.34
12/12/06,57.72
12/13/06,58.5
12/14/06,59.75
12/17/06,58.76
12/18/06,58.55
12/19/06,58.49
12/20/06,57.84
12/21/06,57.72
12/24/06,57.32
12/25/06,57.32
12/26/06,57.09
12/27/06,57.47
12/28/06,57.1
12/31/06,57.05
1/1/07,57.05
1/2/07,57.05
1/3/07,57.18
1/4/07,57.59
1/7/07,57.27
1/8/07,57.35
1/9/07,58.26
1/10/07,58.31
1/11/07,59.81
1/14/07,60.31
1/15/07,60.31
1/16/07,60.84
1/17/07,60.36
1/18/07,61.51
1/21/07,62.35
1/22/07,61.5
1/23/07,61.43
1/24/07,61.48
1/25/07,60.68
1/28/07,60.19
1/29/07,60.07
1/30/07,60.44
1/31/07,61.36
2/1/07,61.8
2/4/07,62.03
2/5/07,62.12
2/6/07,62.71
2/7/07,62.8
2/8/07,62.26
2/11/07,61.67
2/12/07,61.8
2/13/07,62.13
2/14/07,62.44
2/15/07,62.67
2/18/07,62.91
2/19/07,62.91
2/20/07,64.32
2/21/07,63.61
2/22/07,63.12
2/25/07,63.1
2/26/07,62.55
2/27/07,59.4
2/28/07,61.53
3/1/07,60.9
3/4/07,61.03
3/5/07,59.79
3/6/07,60.73
3/7/07,60.6
3/8/07,61.69
3/11/07,61.88
3/12/07,62.23
3/13/07,60.47
3/14/07,59.3
3/15/07,59.58
3/18/07,59.77
3/19/07,60.44
3/20/07,61.14
3/21/07,61.59
3/22/07,61.23
3/25/07,61.51
3/26/07,61.56
3/27/07,60.54
3/28/07,59.95
3/29/07,59.75
4/1/07,59.26
4/2/07,59.93
4/3/07,60.82
4/4/07,60.59
4/5/07,61.11
4/8/07,61.11
4/9/07,61.38
4/10/07,60.56
4/11/07,59.68
4/12/07,59.95
4/15/07,59.65
4/16/07,60.17
4/17/07,60.61
4/18/07,60.81
4/19/07,61.26
4/22/07,62.12
4/23/07,61.43
4/24/07,60.33
4/25/07,60.52
4/26/07,60.95
4/29/07,60.77
4/30/07,59.37
5/1/07,59.64
5/2/07,58.95
5/3/07,58.58
5/6/07,58.98
5/7/07,59.35
5/8/07,58.78
5/9/07,59.16
5/10/07,58.72
5/13/07,58.25
5/14/07,57.98
5/15/07,57.55
5/16/07,57.31
5/17/07,57.69
5/20/07,58.15
5/21/07,58.14
5/22/07,58.04
5/23/07,58.6
5/24/07,60.16
5/27/07,60.76
5/28/07,60.76
5/29/07,60.8
5/30/07,61.08
5/31/07,62.43
6/3/07,63.67
6/4/07,63.85
6/5/07,63.96
6/6/07,64.1
6/7/07,62.53
6/10/07,63.37
6/11/07,62.94
6/12/07,62.46
6/13/07,63.47
6/14/07,63.84
6/17/07,63.79
6/18/07,63.98
6/19/07,63.31
6/20/07,64.25
6/21/07,64.4
6/24/07,64.27
6/25/07,64.16
6/26/07,62.91
6/27/07,63.75
6/28/07,63.5
7/1/07,63.6
7/2/07,63.84
7/3/07,63.26
7/4/07,63.26
7/5/07,64.21
7/8/07,68.1
7/9/07,66.72
7/10/07,64.81
7/11/07,65.6
7/12/07,70.04
7/15/07,70.14
7/16/07,68.89
7/17/07,68.52
7/18/07,68.02
7/19/07,68.89
7/22/07,67.43
7/23/07,66.67
7/24/07,64.8
7/25/07,64.41
7/26/07,62.22
7/29/07,62.1
7/30/07,62.82
7/31/07,60.57
8/1/07,60.54
8/2/07,63.1
8/5/07,60.51
8/6/07,61.59
8/7/07,62.66
8/8/07,65.21
8/9/07,62.52
8/12/07,62.36
8/13/07,63.27
8/14/07,60.09
8/15/07,58.11
8/16/07,59.75
8/19/07,61.18
8/20/07,59.09
8/21/07,60.1
8/22/07,63.58
8/23/07,62.01
8/26/07,63.09
8/27/07,62.25
8/28/07,61.13
8/29/07,63.93
8/30/07,63.81
9/2/07,65.93
9/3/07,65.93
9/4/07,64.24
9/5/07,61.88
9/6/07,63.39
9/9/07,61
9/10/07,60.45
9/11/07,61.8
9/12/07,62.72
9/13/07,64.42
9/16/07,64.51
9/17/07,63.41
9/18/07,67.276
9/19/07,66.18
9/20/07,65.59
9/23/07,65.65
9/24/07,64.3
9/25/07,61.35
9/26/07,62.51
9/27/07,61.7
9/30/07,63.57
10/1/07,64.99
10/2/07,65.32
10/3/07,65.72
10/4/07,65.19
10/7/07,67.57
10/8/07,66.31
10/9/07,65.75
10/10/07,65.77
10/11/07,64.62
10/14/07,64.17
10/15/07,63.65
10/16/07,63.66
10/17/07,63.42
10/18/07,62.66
10/21/07,60.77
10/22/07,61.55
10/23/07,61.36
10/24/07,61.7
10/25/07,62.31
10/28/07,63.03
10/29/07,62.49
10/30/07,62.85
10/31/07,61.36
11/1/07,58.47
11/4/07,59.33
11/5/07,57.91
11/6/07,58.94
11/7/07,58.82
11/8/07,58.7
11/11/07,56.19
11/12/07,56.63
11/13/07,59.6
11/14/07,56.77
11/15/07,55
11/18/07,53.88
11/19/07,53.9
11/20/07,51.69
11/21/07,54.1
11/22/07,54.1
11/25/07,57.17
11/26/07,55.22
11/27/07,57
11/28/07,59.58
11/29/07,59.44
12/2/07,59.97
12/3/07,59.52
12/4/07,59.43
12/5/07,60.13
12/6/07,55.57
12/9/07,55.51
12/10/07,55.6
12/11/07,53.04
12/12/07,53.18
12/13/07,52.5
12/16/07,51.56
12/17/07,51.92
12/18/07,53.01
12/19/07,51.57
12/20/07,50.21
12/23/07,50.68
12/24/07,52.47
12/25/07,52.47
12/26/07,51.16
12/27/07,50.64
12/30/07,50.74
12/31/07,50
1/1/08,50
1/2/08,49.51
1/3/08,49.57
1/6/08,48.08
1/7/08,48.99
1/8/08,48.95
1/9/08,49.92
1/10/08,51.55
1/13/08,49.95
1/14/08,50.49
1/15/08,49.87
1/16/08,50.18
1/17/08,49.94
1/20/08,50.1
1/21/08,50.1
1/22/08,53.83
1/23/08,54.39
1/24/08,53.01
1/27/08,51.6
1/28/08,53.47
1/29/08,52.8
1/30/08,52.38
1/31/08,55.42
2/3/08,57.05
2/4/08,54.05
2/5/08,52.75
2/6/08,51
2/7/08,54.1
2/10/08,52.5
2/11/08,54.19
2/12/08,53.91
2/13/08,54.51
2/14/08,53.14
2/17/08,53.07
2/18/08,53.07
2/19/08,52.22
2/20/08,53.4
2/21/08,51.36
2/24/08,52.07
2/25/08,53.25
2/26/08,54.89
2/27/08,54.83
2/28/08,53.82
3/2/08,52.61
3/3/08,52.91
3/4/08,53.06
3/5/08,52.8
3/6/08,52.27
3/9/08,52
3/10/08,51.23
3/11/08,51.58
3/12/08,51.09
3/13/08,50.56
3/16/08,49.83
3/17/08,48.5
3/18/08,50.99
3/19/08,50.14
3/20/08,52.35
3/23/08,52.35
3/24/08,53.64
3/25/08,53.44
3/26/08,52.43
3/27/08,50.98
3/30/08,49.69
3/31/08,50.68
4/1/08,53.2652
4/2/08,53.45
4/3/08,53.25
4/6/08,52.67
4/7/08,52.77
4/8/08,53.26
4/9/08,52.34
4/10/08,53.16
4/13/08,51.97
4/14/08,51.96
4/15/08,52.54
4/16/08,53.63
4/17/08,53.41
4/20/08,54.6
4/21/08,54.55
4/22/08,52.63
4/23/08,52.38
4/24/08,52.9
4/27/08,53.98
4/28/08,53.94
4/29/08,54.1
4/30/08,53.13
5/1/08,54.24
5/4/08,53.91
5/5/08,53.19
5/6/08,53.44
5/7/08,53.44
5/8/08,52.34
5/11/08,52.24
5/12/08,53.48
5/13/08,53.25
5/14/08,53.85
5/15/08,55.1
5/18/08,54.88
5/19/08,54.92
5/20/08,54.29
5/21/08,52.87
5/22/08,53.01
5/25/08,52.04
5/26/08,52.04
5/27/08,52.15
5/28/08,52.32
5/29/08,53.75
6/1/08,53.36
6/2/08,52.82
6/3/08,55
6/4/08,54.2
6/5/08,54.63
6/8/08,52.52
6/9/08,52.45
6/10/08,53.19
6/11/08,51.61
6/12/08,52.21
6/15/08,53.54
6/16/08,53.09
6/17/08,52.45
6/18/08,50.85
6/19/08,51.8
6/22/08,49.98
6/23/08,48.74
6/24/08,49.17
6/25/08,49.88
6/26/08,47.64
6/29/08,47.87
6/30/08,46.49
7/1/08,47.53
7/2/08,46.69
7/3/08,46.9
7/6/08,46.9
7/7/08,47.17
7/8/08,48.67
7/9/08,47.32
7/10/08,44.89
7/13/08,44.74
7/14/08,43.92
7/15/08,43.68
7/16/08,46.18
7/17/08,47.57
7/20/08,46.87
7/21/08,45.66
7/22/08,45.96
7/23/08,46.22
7/24/08,44.88
7/27/08,44.57
7/28/08,43.96
7/29/08,45.68
7/30/08,45.89
7/31/08,45.23
8/3/08,44.68
8/4/08,45.01
8/5/08,47.99
8/6/08,48.01
8/7/08,45.76
8/10/08,48.74
8/11/08,51.2333
8/12/08,49.36
8/13/08,48.07
8/14/08,49.65
8/17/08,51.4
8/18/08,50.05
8/19/08,49.72
8/20/08,50.09
8/21/08,51.06
8/24/08,52.66
8/25/08,51.87
8/26/08,52.95
8/27/08,52.85
8/28/08,53.88
8/31/08,53.02
9/1/08,53.02
9/2/08,55.04
9/3/08,55.01
9/4/08,53.83
9/7/08,55.03
9/8/08,57.89
9/9/08,56.22
9/10/08,56.74
9/11/08,57.63
9/14/08,57.26
9/15/08,55.4
9/16/08,57.87
9/17/08,53.59
9/18/08,55.53
9/21/08,53.32
9/22/08,49.8
9/23/08,49.51
9/24/08,49.26
9/25/08,50.22
9/28/08,51.47
9/29/08,47.35
9/30/08,49.05
10/1/08,47.24
10/2/08,44.7
10/5/08,43.66
10/6/08,42.35
10/7/08,39.86
10/8/08,41.3
10/9/08,37.53
10/12/08,37
10/13/08,40.81
10/14/08,39.78
10/15/08,35.72
10/16/08,37.91
10/19/08,39.37
10/20/08,38.07
10/21/08,37.7
10/22/08,33.41
10/23/08,33.93
10/26/08,32.92
10/27/08,32.69
10/28/08,38.51
10/29/08,40.72
10/30/08,38.39
11/2/08,40.12
11/3/08,39.32
11/4/08,41.35
11/5/08,37.75
11/6/08,35.47
11/9/08,36.52
11/10/08,36.29
11/11/08,35.85
11/12/08,33.28
11/13/08,35.33
11/16/08,33.03
11/17/08,31.68
11/18/08,30.06
11/19/08,26.96
11/20/08,28
11/23/08,28.08
11/24/08,30.44
11/25/08,32.01
11/26/08,35.13
11/27/08,35.13
11/30/08,33.76
12/1/08,29.54
12/2/08,31.53
12/3/08,34.48
12/4/08,34.04
12/7/08,34.96
12/8/08,38.32
12/9/08,37.98
12/10/08,38.85
12/11/08,37.55
12/14/08,35.84
12/15/08,34.69
12/16/08,36.14
12/17/08,35.73
12/18/08,35.42
12/21/08,34.42
12/22/08,32.78
12/23/08,31.95
12/24/08,32.35
12/25/08,32.35
12/28/08,32.24
12/29/08,32.39
12/30/08,33.55
12/31/08,34.53
1/1/09,34.53
1/4/09,34.63
1/5/09,36.14
1/6/09,38.11
1/7/09,37.01
1/8/09,37.52
1/11/09,35.4
1/12/09,35.11
1/13/09,34.94
1/14/09,33.7
1/15/09,34.92
1/18/09,35.02
1/19/09,35.02
1/20/09,32.55
1/21/09,34.14
1/22/09,33.92
1/25/09,33.4
1/26/09,33.15
1/27/09,33.34
1/28/09,34.92
1/29/09,32.7
2/1/09,31.2
2/2/09,30.2
2/3/09,32.11
2/4/09,31.34
2/5/09,32.29
2/8/09,33.02
2/9/09,32.73
2/10/09,31.29
2/11/09,31.75
2/12/09,30.85
2/15/09,30.08
2/16/09,30.08
2/17/09,29.63
2/18/09,29.44
2/19/09,29.89
2/22/09,29.75
2/23/09,28.43
2/24/09,27.83
2/25/09,27.59
2/26/09,27.82
3/1/09,28.31
3/2/09,27.37
3/3/09,25.95
3/4/09,27.16
3/5/09,26.31
3/8/09,25.65
3/9/09,25.37
3/10/09,27.21
3/11/09,26.9
3/12/09,28.49
3/15/09,29.97
3/16/09,28.83
3/17/09,30.45
3/18/09,31.58
3/19/09,31.43
3/22/09,30.35
3/23/09,33.08
3/24/09,33.06
3/25/09,33.23
3/26/09,34.93
3/29/09,34.17
3/30/09,33.28
3/31/09,34.39
4/1/09,34.38
4/2/09,36.06
4/5/09,36.68
4/6/09,35.45
4/7/09,35.03
4/8/09,37.6
4/9/09,39.89
4/12/09,39.89
4/13/09,40.22
4/14/09,39.07
4/15/09,38.54
4/16/09,39.85
4/19/09,40.54
4/20/09,38
4/21/09,38.74
4/22/09,39.23
4/23/09,38.69
4/26/09,40.08
4/27/09,39.39
4/28/09,39.62
4/29/09,40.25
4/30/09,41.26
5/3/09,40.05
5/4/09,40.55
5/5/09,41.26
5/6/09,41.47
5/7/09,42.67
5/10/09,43.79
5/11/09,42.73
5/12/09,42.53
5/13/09,40.47
5/14/09,40.48
5/17/09,40.37
5/18/09,41.77
5/19/09,41.94
5/20/09,42.94
5/21/09,41.6
5/24/09,40.74
5/25/09,40.74
5/26/09,41
5/27/09,39.6
5/28/09,39.14
5/31/09,39.3
6/1/09,41.67
6/2/09,41.28
6/3/09,40.97
6/4/09,40.95
6/7/09,40.49
6/8/09,40.98
6/9/09,41.14
6/10/09,40.37
6/11/09,39.55
6/14/09,40.38
6/15/09,40.11
6/16/09,38.62
6/17/09,39.05
6/18/09,39
6/21/09,39.58
6/22/09,39.47
6/23/09,38.32
6/24/09,38.68
6/25/09,40.31
6/28/09,39.57
6/29/09,39.65
6/30/09,39.47
7/1/09,38.69
7/2/09,37.45
7/5/09,37.45
7/6/09,37.6
7/7/09,36.75
7/8/09,37.26
7/9/09,38.39
7/12/09,37.8
7/13/09,38.34
7/14/09,38.57
7/15/09,39.77
7/16/09,39.57
7/19/09,39.56
7/20/09,39.94
7/21/09,40.06
7/22/09,41.17
7/23/09,42.24
7/26/09,42.71
7/27/09,42.86
7/28/09,43.21
7/29/09,43.58
7/30/09,43.6
8/2/09,43.62
8/3/09,43.04
8/4/09,42.17
8/5/09,41.81
8/6/09,41.71
8/9/09,42.93
8/10/09,41.98
8/11/09,42.2
8/12/09,42.51
8/13/09,42.24
8/16/09,42.03
8/17/09,41.38
8/18/09,44.32
8/19/09,45.05
8/20/09,45.27
8/23/09,45.66
8/24/09,45.17
8/25/09,46.47
8/26/09,47.42
8/27/09,47.29
8/30/09,47.39
8/31/09,47
9/1/09,46.58
9/2/09,46.27
9/3/09,47.07
9/6/09,47.12
9/7/09,47.12
9/8/09,47.31
9/9/09,47.65
9/10/09,48.17
9/13/09,47.95
9/14/09,47.42
9/15/09,47.51
9/16/09,48.47
9/17/09,48.67
9/20/09,48.79
9/21/09,48.84
9/22/09,48.16
9/23/09,47.56
9/24/09,47.65
9/27/09,46.29
9/28/09,47.71
9/29/09,47.28
9/30/09,46.68
10/1/09,46.57
10/4/09,46.02
10/5/09,46.93
10/6/09,48.09
10/7/09,48.51
10/8/09,49.34
10/11/09,49.89
10/12/09,49.6
10/13/09,50.1
10/14/09,51.35
10/15/09,50.42
10/18/09,50.08
10/19/09,50.39
10/20/09,49.97
10/21/09,48.9
10/22/09,49.49
10/25/09,49.03
10/26/09,48.88
10/27/09,48.45
10/28/09,48.24
10/29/09,49.53
11/1/09,48.43
11/2/09,49.34
11/3/09,49.25
11/4/09,49.27
11/5/09,49.7
11/8/09,49.7
11/9/09,50.45
11/10/09,50.49
11/11/09,50.11
11/12/09,48.93
11/15/09,48.99
11/16/09,50.29
11/17/09,48.77
11/18/09,47.87
11/19/09,47.9
11/22/09,47.46
11/23/09,47.26
11/24/09,47.46
11/25/09,47.83
11/26/09,47.83
11/29/09,47.7
11/30/09,46.56
12/1/09,46.78
12/2/09,47.72
12/3/09,46.35
12/6/09,45.64
12/7/09,46.34
12/8/09,45.87
12/9/09,45.3
12/10/09,45.99
12/13/09,46.93
12/14/09,47.84
12/15/09,47.66
12/16/09,47.48
12/17/09,47.5
12/20/09,48.24
12/21/09,49.33
12/22/09,48.79
12/23/09,48.85
12/24/09,48.65
12/27/09,48.65
12/28/09,48.45
12/29/09,48.58
12/30/09,48.7
12/31/09,48.37
1/3/10,48.37
1/4/10,48.55
1/5/10,48.73
1/6/10,49.66
1/7/10,50.27
1/10/10,50.07
1/11/10,50.18
1/12/10,49.34
1/13/10,49.34
1/14/10,50.1
1/17/10,50.17
1/18/10,50.17
1/19/10,51.2
1/20/10,50.72
1/21/10,50.22
1/24/10,50.38
1/25/10,50.77
1/26/10,52.02
1/27/10,51.96
1/28/10,51.91
1/31/10,51.27
2/1/10,51.09
2/2/10,50.82
2/3/10,50.6
2/4/10,49.07
2/7/10,49.3
2/8/10,48.78
2/9/10,49.14
2/10/10,48.95
2/11/10,49.16
2/14/10,48.64
2/15/10,48.64
2/16/10,50.09
2/17/10,50.6
2/18/10,50.74
2/21/10,50.73
2/22/10,50.64
2/23/10,50.06
2/24/10,50.99
2/25/10,50.95
2/28/10,51.52
3/1/10,52.24
3/2/10,51.67
3/3/10,51.68
3/4/10,52.94
3/7/10,53.49
3/8/10,53.48
3/9/10,52.86
3/10/10,52.64
3/11/10,52.81
3/14/10,53.08
3/15/10,53.47
3/16/10,53.44
3/17/10,53.18
3/18/10,53.04
3/21/10,53.3
3/22/10,53.88
3/23/10,53.89
3/24/10,53.37
3/25/10,53.45
3/28/10,54.37
3/29/10,53.96
3/30/10,53.74
3/31/10,52.6
4/1/10,53.13
4/4/10,53.13
4/5/10,53.76
4/6/10,54.09
4/7/10,54.01
4/8/10,55.64
4/11/10,55.67
4/12/10,55.98
4/13/10,56.46
4/14/10,56.74
4/15/10,56.6
4/18/10,55.99
4/19/10,56.07
4/20/10,56.14
4/21/10,56.93
4/22/10,57.6
4/25/10,57.94
4/26/10,58.05
4/27/10,56.67
4/28/10,56.61
4/29/10,57.35
5/2/10,56.87
5/3/10,56.99
5/4/10,55.58
5/5/10,56.06
5/6/10,55.02
5/9/10,54.3
5/10/10,56.67
5/11/10,56.28
5/12/10,57.13
5/13/10,55.07
5/16/10,55.17
5/17/10,56.05
5/18/10,54.22
5/19/10,54.03
5/20/10,52.78
5/23/10,54.35
5/24/10,54.29
5/25/10,54.58
5/26/10,53.59
5/27/10,55.31
5/30/10,54.53
5/31/10,54.53
6/1/10,53.91
6/2/10,54.37
6/3/10,54.48
6/6/10,52.8
6/7/10,52
6/8/10,52.42
6/9/10,52.37
6/10/10,53.61
6/13/10,53.71
6/14/10,54.05
6/15/10,54.6
6/16/10,54.18
6/17/10,54.12
6/20/10,53.67
6/21/10,52.89
6/22/10,52.28
6/23/10,52.67
6/24/10,50.73
6/27/10,50.5
6/28/10,49.92
6/29/10,49
6/30/10,49.17
7/1/10,49.61
7/4/10,49.53
7/5/10,49.53
7/6/10,49.93
7/7/10,50.43
7/8/10,50.02
7/11/10,49.85
7/12/10,49.16
7/13/10,49.89
7/14/10,49.65
7/15/10,50.79
7/18/10,50.28
7/19/10,50.23
7/20/10,51.03
7/21/10,50.17
7/22/10,51.46
7/25/10,51.89
7/26/10,52.85
7/27/10,52.13
7/28/10,51.8
7/29/10,51.51
8/1/10,51.32
8/2/10,51.75
8/3/10,50.98
8/4/10,51.5
8/5/10,52.86
8/8/10,52.32
8/9/10,53.35
8/10/10,52.94
8/11/10,52.01
8/12/10,51.81
8/15/10,50.81
8/16/10,50.72
8/17/10,50.93
8/18/10,51.95
8/19/10,51.85
8/22/10,52.15
8/23/10,52.01
8/24/10,51.53
8/25/10,51.57
8/26/10,51.66
8/29/10,51.74
8/30/10,50.8
8/31/10,51.16
9/1/10,52.24
9/2/10,52.55
9/5/10,52.83
9/6/10,52.83
9/7/10,52.33
9/8/10,52.49
9/9/10,52.72
9/12/10,53.06
9/13/10,53.19
9/14/10,53.75
9/15/10,53.76
9/16/10,53.96
9/19/10,53.74
9/20/10,54.6
9/21/10,54.07
9/22/10,54.1
9/23/10,53.77
9/26/10,55.05
9/27/10,54.39
9/28/10,54.53
9/29/10,53.54
9/30/10,53.44
10/3/10,53.47
10/4/10,53.42
10/5/10,54.24
10/6/10,54.07
10/7/10,54.32
10/10/10,54.2
10/11/10,54.85
10/12/10,54.74
10/13/10,54.42
10/14/10,54.07
10/17/10,54.33
10/18/10,54.04
10/19/10,53.5
10/20/10,54.18
10/21/10,54.21
10/24/10,53.87
10/25/10,53.76
10/26/10,53.14
10/27/10,52.73
10/28/10,52.36
10/31/10,51.94
11/1/10,53.48
11/2/10,53.95
11/3/10,53.97
11/4/10,54.76
11/7/10,55.15
11/8/10,54.9
11/9/10,54.46
11/10/10,54.58
11/11/10,54.3
11/14/10,54.19
11/15/10,54.16
11/16/10,53.79
11/17/10,55.62
11/18/10,55.32
11/21/10,56.31
11/22/10,55.77
11/23/10,55.24
11/24/10,57.25
11/25/10,57.25
11/28/10,56.85
11/29/10,56.33
11/30/10,56.94
12/1/10,58.02
12/2/10,59.65
12/5/10,59.12
12/6/10,59.23
12/7/10,59.09
12/8/10,59.13
12/9/10,59.41
12/12/10,58.95
12/13/10,58.79
12/14/10,59.08
12/15/10,58.78
12/16/10,59.06
12/19/10,58.52
12/20/10,58.6
12/21/10,59.7
12/22/10,60.03
12/23/10,60.26
12/26/10,60.26
12/27/10,60.05
12/28/10,59.91
12/29/10,59.89
12/30/10,59.95
1/2/11,60.13
1/3/11,60.77
1/4/11,59.99
1/5/11,58.94
1/6/11,54.93
1/9/11,55.05
1/10/11,55.22
1/11/11,55.19
1/12/11,55.45
1/13/11,55.42
1/16/11,55.07
1/17/11,55.07
1/18/11,54.63
1/19/11,54.53
1/20/11,55.55
1/23/11,55.73
1/24/11,55.8
1/25/11,55.95
1/26/11,55.59
1/27/11,54.83
1/30/11,54.35
1/31/11,54.83
2/1/11,54.64
2/2/11,53.46
2/3/11,54.0575
2/6/11,54.27
2/7/11,54.8
2/8/11,55.39
2/9/11,55.01
2/10/11,54.56
2/13/11,54.39
2/14/11,53.63
2/15/11,53.86
2/16/11,53.74
2/17/11,53.15
2/20/11,51.9
2/21/11,51.9
2/22/11,51.07
2/23/11,50.26
2/24/11,52
2/27/11,52.36
2/28/11,52.55
3/1/11,52.47
3/2/11,52.3
3/3/11,52.08
3/6/11,51.65
3/7/11,51.3
3/8/11,51.51
3/9/11,51.64
3/10/11,51.16
3/13/11,51.53
3/14/11,51.07
3/15/11,50.85
3/16/11,50.66
3/17/11,50.38
3/20/11,49.99
3/21/11,50.71
3/22/11,50.5
3/23/11,50.24
3/24/11,50.61
3/27/11,49.95
3/28/11,49.55
3/29/11,49.16
3/30/11,50.26
3/31/11,50.01
4/3/11,50.36
4/4/11,50.06
4/5/11,50.74
4/6/11,50.96
4/7/11,49.62
4/10/11,49.53
4/11/11,49.26
4/12/11,50.44
4/13/11,50.09
4/14/11,50.02
4/17/11,50.24
4/18/11,50.27
4/19/11,49.82
4/20/11,50.05
4/21/11,49.9
4/24/11,49.9
4/25/11,49.5
4/26/11,49.85
4/27/11,50.59
4/28/11,50.22
5/1/11,49.1
5/2/11,48.8
5/3/11,49.17
5/4/11,49.2
5/5/11,50.34
5/8/11,50.51
5/9/11,50
5/10/11,50.47
5/11/11,50.81
5/12/11,51.76
5/15/11,51.52
5/16/11,50.34
5/17/11,50.78
5/18/11,49.96
5/19/11,50.29
5/22/11,49.69
5/23/11,49.51
5/24/11,49.24
5/25/11,49.36
5/26/11,49.41
5/29/11,49.37
5/30/11,49.37
5/31/11,49.53
6/1/11,48.56
6/2/11,47.95
6/5/11,47.4
6/6/11,47.36
6/7/11,47.06
6/8/11,46.86
6/9/11,47.16
6/12/11,46.7
6/13/11,46.43
6/14/11,47.29
6/15/11,46.71
6/16/11,46.45
6/19/11,46.53
6/20/11,47.24
6/21/11,47.68
6/22/11,46.82
6/23/11,47.63
6/26/11,46.33
6/27/11,46.46
6/28/11,46.69
6/29/11,46.49
6/30/11,46.91
7/3/11,47.93
7/4/11,47.93
7/5/11,47.55
7/6/11,48.44
7/7/11,51.67
7/10/11,51.14
7/11/11,50.69
7/12/11,50.94
7/13/11,50.83
7/14/11,50.79
7/17/11,51.09
7/18/11,50.59
7/19/11,51.3
7/20/11,50.96
7/21/11,51.73
7/24/11,51.81
7/25/11,51.14
7/26/11,50.61
7/27/11,50.35
7/28/11,50.43
7/31/11,51.49
8/1/11,51.1
8/2/11,48.95
8/3/11,49.75
8/4/11,47.81
8/7/11,48.65
8/8/11,46.44
8/9/11,48.95
8/10/11,46.7
8/11/11,47.27
8/14/11,48.48
8/15/11,48.42
8/16/11,49.37
8/17/11,50.55
8/18/11,50.64
8/21/11,49.92
8/22/11,50.05
8/23/11,50.63
8/24/11,51
8/25/11,50.3
8/28/11,50.83
8/29/11,51.34
8/30/11,50.96
8/31/11,51.67
9/1/11,51.06
9/4/11,49.71
9/5/11,49.71
9/6/11,49.34
9/7/11,50.58
9/8/11,50.59
9/11/11,50.02
9/12/11,50.11
9/13/11,50.95
9/14/11,51.28
9/15/11,51.7
9/18/11,52.66
9/19/11,52.76
9/20/11,52.28
9/21/11,51.43
9/22/11,49.13
9/25/11,49.14
9/26/11,50.62
9/27/11,50.43
9/28/11,49.99
9/29/11,50.23
10/2/11,49.04
10/3/11,47.8
10/4/11,49.47
10/5/11,49.76
10/6/11,51.91
10/9/11,51.56
10/10/11,52.63
10/11/11,53.07
10/12/11,52.75
10/13/11,52.73
10/16/11,52.95
10/17/11,52.9
10/18/11,53.64
10/19/11,53.27
10/20/11,53.71
10/23/11,54.64
10/24/11,54.72
10/25/11,54.4
10/26/11,55.15
10/27/11,55.56
10/30/11,55.24
10/31/11,54.75
11/1/11,52.61
11/2/11,52.92
11/3/11,52.24
11/6/11,52.17
11/7/11,52.83
11/8/11,53.05
11/9/11,51.69
11/10/11,51.77
11/13/11,53.07
11/14/11,52.65
11/15/11,53.18
11/16/11,52.94
11/17/11,52.64
11/20/11,53
11/21/11,52.54
11/22/11,52.69
11/23/11,51.53
11/24/11,51.53
11/27/11,51.21
11/28/11,51.63
11/29/11,52.24
11/30/11,52.7
12/1/11,52.15
12/4/11,52.88
12/5/11,53.32
12/6/11,53.66
12/7/11,54.19
12/8/11,53.47
12/11/11,53.5
12/12/11,53.47
12/13/11,52.81
12/14/11,52.48
12/15/11,52.07
12/18/11,52.2
12/19/11,51.44
12/20/11,51.78
12/21/11,51.72
12/22/11,51.27
12/25/11,51.7
12/26/11,51.7
12/27/11,52.11
12/28/11,51.71
12/29/11,51.68
1/1/12,51.22
1/2/12,51.22
1/3/12,51.12
1/4/12,50
1/5/12,48.51
1/8/12,48.95
1/9/12,48.57
1/10/12,48.79
1/11/12,49.03
1/12/12,49.81
1/15/12,49.82
1/16/12,49.82
1/17/12,49.88
1/18/12,49.87
1/19/12,50.9
1/22/12,50.17
1/23/12,50.15
1/24/12,50.75
1/25/12,51.14
1/26/12,50.5
1/29/12,50.05
1/30/12,50.33
1/31/12,50.81
2/1/12,51.42
2/2/12,52
2/5/12,52.14
2/6/12,52.05
2/7/12,52.41
2/8/12,52.57
2/9/12,52.7
2/12/12,52.43
2/13/12,52.36
2/14/12,52.27
2/15/12,51.81
2/16/12,51.93
2/19/12,52.64
2/20/12,52.64
2/21/12,52.54
2/22/12,52.97
2/23/12,54.5
2/26/12,55.22
2/27/12,55.31
2/28/12,56.01
2/29/12,56.69
3/1/12,56.76
3/4/12,56.59
3/5/12,56.7
3/6/12,56.49
3/7/12,56.64
3/8/12,57.23
3/11/12,57.69
3/12/12,57.98
3/13/12,58.48
3/14/12,58.6
3/15/12,58.75
3/18/12,58.41
3/19/12,58.37
3/20/12,58.01
3/21/12,57.57
3/22/12,57.93
3/25/12,58.19
3/26/12,58.86
3/27/12,58.19
3/28/12,58.16
3/29/12,57.98
4/1/12,58.27
4/2/12,58.29
4/3/12,57.88
4/4/12,57.82
4/5/12,57.72
4/8/12,57.72
4/9/12,57.52
4/10/12,56.4
4/11/12,57.2
4/12/12,57.93
4/15/12,57.43
4/16/12,57.39
4/17/12,57.6
4/18/12,57.38
4/19/12,56.79
4/22/12,57.28
4/23/12,56.64
4/24/12,56.73
4/25/12,56.83
4/26/12,57.49
4/29/12,58.26
4/30/12,57.94
5/1/12,58.01
5/2/12,57.98
5/3/12,56.55
5/6/12,55.65
5/7/12,55.76
5/8/12,55.55
5/9/12,55.28
5/10/12,55.31
5/13/12,55.43
5/14/12,54.92
5/15/12,55.08
5/16/12,55.32
5/17/12,54.81
5/20/12,55.46
5/21/12,55.83
5/22/12,56.67
5/23/12,56.78
5/24/12,57.25
5/27/12,57.62
5/28/12,57.62
5/29/12,58.13
5/30/12,57.79
5/31/12,57.91
6/3/12,57.2
6/4/12,57.57
6/5/12,57.32
6/6/12,57.5
6/7/12,57.32
6/10/12,59.2
6/11/12,58.7
6/12/12,58.16
6/13/12,58.05
6/14/12,58.55
6/17/12,58.5
6/18/12,58.47
6/19/12,58.7
6/20/12,58.5
6/21/12,57.4
6/24/12,57.56
6/25/12,57.23
6/26/12,57.63
6/27/12,57.56
6/28/12,57.46
7/1/12,58.19
7/2/12,58.27
7/3/12,57.78
7/4/12,57.78
7/5/12,57.15
7/8/12,58.07
7/9/12,58.04
7/10/12,59.23
7/11/12,59.79
7/12/12,59.88
7/15/12,61.95
7/16/12,61.5
7/17/12,61.26
7/18/12,61.39
7/19/12,61.25
7/22/12,61.37
7/23/12,60.44
7/24/12,60.55
7/25/12,60.36
7/26/12,61.06
7/29/12,61.52
7/30/12,62.04
7/31/12,60.65
8/1/12,60.62
8/2/12,61.97
8/5/12,62.36
8/6/12,62.39
8/7/12,62.64
8/8/12,62.94
8/9/12,62.69
8/12/12,62.84
8/13/12,62.51
8/14/12,63.38
8/15/12,64.5
8/16/12,63.91
8/19/12,64.14
8/20/12,63.64
8/21/12,64.13
8/22/12,63.68
8/23/12,62.99
8/26/12,63.69
8/27/12,63.36
8/28/12,63.81
8/29/12,64.26
8/30/12,64.16
9/2/12,64.09
9/3/12,64.09
9/4/12,63.84
9/5/12,63.73
9/6/12,64.86
9/9/12,64
9/10/12,64.8
9/11/12,64.48
9/12/12,64.38
9/13/12,65.06
9/16/12,64.67
9/17/12,64.41
9/18/12,64.28
9/19/12,65.01
9/20/12,65.4
9/23/12,65.44
9/24/12,65.15
9/25/12,64.38
9/26/12,63.83
9/27/12,63.59
9/30/12,63.47
10/1/12,62.99
10/2/12,62.98
10/3/12,63.09
10/4/12,63.65
10/7/12,64.18
10/8/12,63.99
10/9/12,62.89
10/10/12,62.66
10/11/12,61.25
10/14/12,61.52
10/15/12,61.81
10/16/12,62.9
10/17/12,63.04
10/18/12,62.94
10/21/12,62.23
10/22/12,62.21
10/23/12,62.64
10/24/12,62.83
10/25/12,63.12
10/28/12,63.92
10/29/12,63.92
10/30/12,63.92
10/31/12,63.75
11/1/12,62.94
11/4/12,62.71
11/5/12,63.4
11/6/12,63.39
11/7/12,62.79
11/8/12,61.82
11/11/12,62.02
11/12/12,61.98
11/13/12,62.09
11/14/12,61.38
11/15/12,62.44
11/18/12,62.5
11/19/12,63.01
11/20/12,63
11/21/12,63.72
11/22/12,63.72
11/25/12,64.48
11/26/12,62.775
11/27/12,62.57
11/28/12,62.81
11/29/12,62.79
12/2/12,63.13
12/3/12,62.3
12/4/12,61.99
12/5/12,62.04
12/6/12,62.2
12/9/12,62.28
12/10/12,61.96
12/11/12,61.43
12/12/12,60.54
12/13/12,61.25
12/16/12,60.5
12/17/12,61.09
12/18/12,62.28
12/19/12,61.52
12/20/12,60.36
12/23/12,59.6
12/24/12,59.54
12/25/12,59.54
12/26/12,59.21
12/27/12,58.93
12/30/12,58.57
12/31/12,59.17
1/1/13,59.17
1/2/13,58.82
1/3/13,60.16
1/6/13,60.58
1/7/13,61.3
1/8/13,60.64
1/9/13,60.18
1/10/13,60.31
1/13/13,60.07
1/14/13,60.39
1/15/13,61.09
1/16/13,61.32
1/17/13,61.46
1/20/13,61.53
1/21/13,61.53
1/22/13,61.49
1/23/13,61.04
1/24/13,61.86
1/27/13,61.54
1/28/13,61.13
1/29/13,61.34
1/30/13,60.98
1/31/13,60.41
2/3/13,61.15
2/4/13,60.85
2/5/13,62.4
2/6/13,62.69
2/7/13,62.3
2/10/13,62.49
2/11/13,62.67
2/12/13,62.73
2/13/13,62.69
2/14/13,63.09
2/17/13,61.71
2/18/13,61.71
2/19/13,61.87
2/20/13,62.65
2/21/13,63.4
2/24/13,63.6
2/25/13,62.89
2/26/13,64.05
2/27/13,63.12
2/28/13,62.96
3/3/13,64.13
3/4/13,66.44
3/5/13,66.68
3/6/13,66.12
3/7/13,65.85
3/10/13,66.35
3/11/13,67.34
3/12/13,67.11
3/13/13,67.43
3/14/13,67.34
3/17/13,66.8
3/18/13,66.76
3/19/13,66.46
3/20/13,68.52
3/21/13,68.05
3/24/13,68.42
3/25/13,68.41
3/26/13,68.61
3/27/13,69.05
3/28/13,68.45
3/31/13,68.45
4/1/13,68.66
4/2/13,68.83
4/3/13,67.98
4/4/13,68.79
4/7/13,68.85
4/8/13,69.26
4/9/13,68.92
4/10/13,68.86
4/11/13,69.12
4/14/13,69.49
4/15/13,68.48
4/16/13,68.38
4/17/13,68.76
4/18/13,68.29
4/21/13,69.04
4/22/13,69.1
4/23/13,69.69
4/24/13,69.71
4/25/13,70.67
4/28/13,70.52
4/29/13,70.64
4/30/13,70.56
5/1/13,70.54
5/2/13,69.19
5/5/13,70.5
5/6/13,70.03
5/7/13,70.55
5/8/13,69.8
5/9/13,69.48
5/12/13,69.74
5/13/13,69.44
5/14/13,69.44
5/15/13,70.39
5/16/13,70
5/19/13,71.06
5/20/13,70.65
5/21/13,71.26
5/22/13,68.4
5/23/13,68.67
5/26/13,69.72
5/27/13,69.72
5/28/13,69.51
5/29/13,69.42
5/30/13,69.82
6/2/13,69.5
6/3/13,71.05
6/4/13,71.51
6/5/13,70.17
6/6/13,70.26
6/9/13,70.36
6/10/13,69.88
6/11/13,70
6/12/13,69.43
6/13/13,69.59
6/16/13,69.03
6/17/13,69.86
6/18/13,70.16
6/19/13,68.88
6/20/13,68.66
6/23/13,68.83
6/24/13,68.29
6/25/13,69.13
6/26/13,69.12
6/27/13,68.79
6/30/13,68.86
7/1/13,69.33
7/2/13,69.56
7/3/13,69.38
7/4/13,69.38
7/7/13,70.25
7/8/13,71.18
7/9/13,71.77
7/10/13,72.03
7/11/13,72.57
7/14/13,72.56
7/15/13,72.35
7/16/13,72.07
7/17/13,72.61
7/18/13,72.42
7/21/13,72.55
7/22/13,73.03
7/23/13,73.25
7/24/13,73.32
7/25/13,71.82
7/28/13,71.46
7/29/13,71.51
7/30/13,71.42
7/31/13,71.25
8/1/13,71.58
8/4/13,71.5
8/5/13,71.99
8/6/13,71.79
8/7/13,71.68
8/8/13,71.22
8/11/13,70.72
8/12/13,70.76
8/13/13,71.19
8/14/13,70.04
8/15/13,69.08
8/18/13,68.58
8/19/13,68.24
8/20/13,67.95
8/21/13,65.5
8/22/13,64.24
8/25/13,64.35
8/26/13,64.13
8/27/13,63.26
8/28/13,63.27
8/29/13,63.15
9/1/13,63.31
9/2/13,63.31
9/3/13,63.59
9/4/13,63.55
9/5/13,63.46
9/8/13,63.29
9/9/13,63.93
9/10/13,64.73
9/11/13,64.99
9/12/13,64.09
9/15/13,63.76
9/16/13,63.79
9/17/13,64.38
9/18/13,65.48
9/19/13,65.39
9/22/13,64.55
9/23/13,64.4
9/24/13,63.91
9/25/13,63.24
9/26/13,63.37
9/29/13,63.94
9/30/13,63.98
10/1/13,63.91
10/2/13,63.65
10/3/13,63.45
10/6/13,63.41
10/7/13,62.68
10/8/13,62.13
10/9/13,62.69
10/10/13,63.45
10/13/13,63.21
10/14/13,63.65
10/15/13,62.93
10/16/13,63.9
10/17/13,64.86
10/20/13,64.67
10/21/13,64.7
10/22/13,65.12
10/23/13,64.27
10/24/13,64.13
10/27/13,64.07
10/28/13,64.88
10/29/13,64.32
10/30/13,65.71
10/31/13,64.79
11/3/13,64.62
11/4/13,65.22
11/5/13,64.63
11/6/13,65.7
11/7/13,64.82
11/10/13,65.11
11/11/13,65.69
11/12/13,65.44
11/13/13,66.87
11/14/13,66.67
11/17/13,66.89
11/18/13,66.45
11/19/13,66.63
11/20/13,66.49
11/21/13,64.19
11/24/13,63.7
11/25/13,63.76
11/26/13,63.87
11/27/13,64.41
11/28/13,64.41
12/1/13,63.93
12/2/13,62.73
12/3/13,62.82
12/4/13,63.31
12/5/13,62.63
12/8/13,63.38
12/9/13,63.24
12/10/13,63.16
12/11/13,62.93
12/12/13,62.89
12/15/13,62.36
12/16/13,62.17
12/17/13,61.65
12/18/13,63.55
12/19/13,62.15
12/22/13,62.49
12/23/13,61.88
12/24/13,61.71
12/25/13,61.71
12/26/13,62.48
12/29/13,62.15
12/30/13,62.47
12/31/13,63.27
1/1/14,63.27
1/2/14,63.18
1/5/14,63.49
1/6/14,63.06
1/7/14,62.91
1/8/14,62.69
1/9/14,63.34
1/12/14,62.62
1/13/14,61.5
1/14/14,61.71
1/15/14,61.56
1/16/14,60.81
1/19/14,60.24
1/20/14,60.24
1/21/14,59.2
1/22/14,58.98
1/23/14,58.65
1/26/14,57.72
1/27/14,57.71
1/28/14,57.89
1/29/14,56.89
1/30/14,56.67
2/2/14,56.64
2/3/14,55.41
2/4/14,55.12
2/5/14,55.07
2/6/14,55.86
2/9/14,56.33
2/10/14,56.51
2/11/14,57.14
2/12/14,56.95
2/13/14,56.86
2/16/14,56.06
2/17/14,56.06
2/18/14,56.39
2/19/14,57.31
2/20/14,56.62
2/23/14,56.24
2/24/14,56.14
2/25/14,56.51
2/26/14,60.49
2/27/14,60.66
3/2/14,62.54
3/3/14,61.96
3/4/14,61.33
3/5/14,60.6
3/6/14,60.74
3/9/14,60.75
3/10/14,61.16
3/11/14,60.94
3/12/14,61.1
3/13/14,59.73
3/16/14,59.36
3/17/14,59.67
3/18/14,59.72
3/19/14,59.48
3/20/14,59.7
3/23/14,59.45
3/24/14,59.46
3/25/14,59.06
3/26/14,59.2
3/27/14,59.74
3/30/14,59.98
3/31/14,60.51
4/1/14,60.57
4/2/14,60.89
4/3/14,61.72
4/6/14,61.14
4/7/14,60.5
4/8/14,61.5
4/9/14,61.21
4/10/14,59.67
4/13/14,58.9
4/14/14,59.42
4/15/14,59.48
4/16/14,59.91
4/17/14,60
4/20/14,60
4/21/14,59.76
4/22/14,60.32
4/23/14,60.74
4/24/14,61.45
4/27/14,61.26
4/28/14,62.18
4/29/14,61.97
4/30/14,61.75
5/1/14,61.74
5/4/14,62.01
5/5/14,59.87
5/6/14,57.64
5/7/14,58.13
5/8/14,58.32
5/11/14,59.13
5/12/14,59.64
5/13/14,59.56
5/14/14,59.27
5/15/14,58.18
5/18/14,58.64
5/19/14,58.29
5/20/14,56.61
5/21/14,57.2
5/22/14,55.99
5/25/14,55.69
5/26/14,55.69
5/27/14,55.77
5/28/14,55.34
5/29/14,55.88
6/1/14,56.76
6/2/14,56.49
6/3/14,56.79
6/4/14,57.18
6/5/14,57.49
6/8/14,57.68
6/9/14,57.6
6/10/14,56.86
6/11/14,57.08
6/12/14,57.24
6/15/14,57.23
6/16/14,57.74
6/17/14,58.17
6/18/14,58.7
6/19/14,58.74
6/22/14,58.29
6/23/14,58.42
6/24/14,58.7
6/25/14,58.06
6/26/14,57.87
6/29/14,58.12
6/30/14,57.95
7/1/14,58.37
7/2/14,58.77
7/3/14,59.51
7/6/14,59.51
7/7/14,59.99
7/8/14,59.8
7/9/14,60.05
7/10/14,59.93
7/13/14,60
7/14/14,60.18
7/15/14,60.71
7/16/14,60.14
7/17/14,59.72
7/20/14,60.01
7/21/14,59.3
7/22/14,59.38
7/23/14,60.73
7/24/14,60.99
7/27/14,60.39
7/28/14,60.3
7/29/14,61.1
7/30/14,61.38
7/31/14,59.59
8/3/14,59.85
8/4/14,60.7
8/5/14,58.03
8/6/14,57.97
8/7/14,57.5
8/10/14,58.54
8/11/14,58.36
8/12/14,58.46
8/13/14,58.26
8/14/14,58.74
8/17/14,58.2
8/18/14,58.55
8/19/14,59.25
8/20/14,60.33
8/21/14,61.07
8/24/14,61.05
8/25/14,60.98
8/26/14,60.7
8/27/14,60.79
8/28/14,60.35
8/31/14,60.07
9/1/14,60.07
9/2/14,60.19
9/3/14,60.39
9/4/14,61.03
9/7/14,61.08
9/8/14,60.56
9/9/14,60.88
9/10/14,61.95
9/11/14,62.59
9/14/14,62.53
9/15/14,62.21
9/16/14,62.86
9/17/14,62.87
9/18/14,63.93
9/21/14,63.81
9/22/14,63.36
9/23/14,63.08
9/24/14,63.88
9/25/14,62.88
9/28/14,63.15
9/29/14,63.04
9/30/14,62.68
10/1/14,62.07
10/2/14,62.57
10/5/14,63.07
10/6/14,62.28
10/7/14,61.54
10/8/14,62.81
10/9/14,61.6
10/12/14,60.59
10/13/14,60.44
10/14/14,61.69
10/15/14,59.98
10/16/14,59.44
10/19/14,59.07
10/20/14,60.29
10/21/14,61.64
10/22/14,61.33
10/23/14,62.03
10/26/14,61.57
10/27/14,61.56
10/28/14,60.65
10/29/14,60.89
10/30/14,61.78
11/2/14,61.82
11/3/14,61.59
11/4/14,61.37
11/5/14,61.12
11/6/14,61.89
11/9/14,64.17
11/10/14,65.52
11/11/14,65.72
11/12/14,66.72
11/13/14,67.5
11/16/14,68.13
11/17/14,67.13
11/18/14,67.51
11/19/14,72.5
11/20/14,71.19
11/23/14,71.51
11/24/14,71.57
11/25/14,72.1
11/26/14,72.16
11/27/14,72.16
11/30/14,74
12/1/14,72.75
12/2/14,73.07
12/3/14,73.33
12/4/14,73.28
12/7/14,73.66
12/8/14,73.78
12/9/14,73.6
12/10/14,72.91
12/11/14,73.53
12/14/14,72.4
12/15/14,73.2
12/16/14,72.28
12/17/14,73.57
12/18/14,74.64
12/21/14,73.95
12/22/14,74.5
12/23/14,74.69
12/24/14,74.65
12/25/14,74.65
12/28/14,75.06
12/29/14,75.53
12/30/14,75.71
12/31/14,75.91
1/1/15,75.91
1/4/15,75.33
1/5/15,73.98
1/6/15,73.97
1/7/15,76.77
1/8/15,77.13
1/11/15,76.43
1/12/15,76.63
1/13/15,75.95
1/14/15,74.33
1/15/15,75.67
1/18/15,74.94
1/19/15,74.94
1/20/15,73.67
1/21/15,73.95
1/22/15,75.77
1/25/15,75.29
1/26/15,75.25
1/27/15,74.76
1/28/15,74.26
1/29/15,75.49
2/1/15,73.61
2/2/15,74.25
2/3/15,75.87
2/4/15,75.61
2/5/15,75.95
2/8/15,76.36
2/9/15,75.39
2/10/15,76.65
2/11/15,76.42
2/12/15,76.87
2/15/15,76.12
2/16/15,76.12
2/17/15,76.64
2/18/15,77.35
2/19/15,76.68
2/22/15,76.87
2/23/15,76.69
2/24/15,76.95
2/25/15,77.15
2/26/15,76.9
3/1/15,76.83
3/2/15,77.68
3/3/15,78
3/4/15,77.72
3/5/15,78.2
3/8/15,77.21
3/9/15,78.57
3/10/15,77.67
3/11/15,77.78
3/12/15,79.3
3/15/15,79.18
3/16/15,80.49
3/17/15,81.03
3/18/15,81.06
3/19/15,80.6
3/22/15,81.31
3/23/15,81.23
3/24/15,82
3/25/15,81.62
3/26/15,80.44
3/29/15,81.56
3/30/15,82.14
3/31/15,82.07
4/1/15,82.09
4/2/15,82.67
4/5/15,82.67
4/6/15,83.34
4/7/15,82.61
4/8/15,83.14
4/9/15,83.29
4/12/15,83.57
4/13/15,82.96
4/14/15,83.06
4/15/15,81.96
4/16/15,81.92
4/19/15,80.02
4/20/15,80.93
4/21/15,81.25
4/22/15,81.34
4/23/15,81.93
4/26/15,82.7
4/27/15,81.38
4/28/15,81.51
4/29/15,78.87
4/30/15,78.83
5/3/15,79.65
5/4/15,80.18
5/5/15,78.97
5/6/15,79.12
5/7/15,80.11
5/10/15,80.74
5/11/15,80.61
5/12/15,80.81
5/13/15,79.81
5/14/15,77.26
5/17/15,78.53
5/18/15,78.36
5/19/15,77.92
5/20/15,78.18
5/21/15,79.39
5/24/15,79.29
5/25/15,79.29
5/26/15,79.08
5/27/15,80.3
5/28/15,80.05
5/31/15,79.32
6/1/15,79.51
6/2/15,80
6/3/15,80.34
6/4/15,79.96
6/7/15,79.2
6/8/15,78.89
6/9/15,78.9
6/10/15,79.67
6/11/15,80.07
6/14/15,79.47
6/15/15,80.45
6/16/15,80.97
6/17/15,82.1
6/18/15,83.19
6/21/15,83.35
6/22/15,84.23
6/23/15,84.76
6/24/15,84.34
6/25/15,84.5
6/28/15,84.08
6/29/15,82.09
6/30/15,81.63
7/1/15,82.99
7/2/15,82.27
7/5/15,82.27
7/6/15,82.93
7/7/15,84.45
7/8/15,83.48
7/9/15,83.04
7/12/15,83.91
7/13/15,84.1
7/14/15,84.1
7/15/15,84.46
7/16/15,85.01
7/19/15,84.69
7/20/15,84.23
7/21/15,82.28
7/22/15,82.82
7/23/15,81.65
7/26/15,80.21
7/27/15,79.49
7/28/15,80.53
7/29/15,81.84
7/30/15,81.93
8/2/15,81.85
8/3/15,80.39
8/4/15,80.05
8/5/15,80.04
8/6/15,79.54
8/9/15,78.98
8/10/15,78.97
8/11/15,78.87
8/12/15,79
8/13/15,78.99
8/16/15,79.35
8/17/15,78.98
8/18/15,80.3
8/19/15,80.87
8/20/15,80.66
8/23/15,78.4
8/24/15,75.28
8/25/15,73.94
8/26/15,76.84
8/27/15,77.85
8/30/15,78.03
8/31/15,77.71
9/1/15,75.39
9/2/15,77.05
9/3/15,77.45
9/6/15,76.42
9/7/15,76.42
9/8/15,78.38
9/9/15,77.16
9/10/15,77.07
9/13/15,77.88
9/14/15,77.15
9/15/15,77.82
9/16/15,78.5
9/17/15,78.01
9/20/15,76.62
9/21/15,78.26
9/22/15,78.05
9/23/15,78.76
9/24/15,79.06
9/27/15,79.05
9/28/15,77.67
9/29/15,77.98
9/30/15,78.66
10/1/15,79.51
10/4/15,79.53
10/5/15,79.51
10/6/15,78.1
10/7/15,78.56
10/8/15,78.69
10/11/15,78.88
10/12/15,79.21
10/13/15,78.96
10/14/15,76.2
10/15/15,75.13
10/18/15,75.05
10/19/15,74.7
10/20/15,74.4
10/21/15,76.4
10/22/15,77.11
10/25/15,72.94
10/26/15,74.02
10/27/15,74.73
10/28/15,76.23
10/29/15,76.28
11/1/15,77.18
11/2/15,77.26
11/3/15,78.23
11/4/15,77.39
11/5/15,78.15
11/8/15,77.22
11/9/15,76.23
11/10/15,77.19
11/11/15,74.87
11/12/15,74.93
11/15/15,71.89
11/16/15,72.31
11/17/15,72.91
11/18/15,69.78
11/19/15,70.55
11/22/15,70.83
11/23/15,72.28
11/24/15,72.89
11/25/15,73.16
11/26/15,73.16
11/29/15,73.44
11/30/15,72.5
12/1/15,72.81
12/2/15,71.93
12/3/15,73.19
12/6/15,73.9
12/7/15,73.39
12/8/15,72.66
12/9/15,72.01
12/10/15,72.37
12/13/15,71.84
12/14/15,72.72
12/15/15,72.98
12/16/15,73.8
12/17/15,72.33
12/20/15,71.37
12/21/15,71.71
12/22/15,72.61
12/23/15,73.65
12/24/15,73.17
12/27/15,73.17
12/28/15,72.87
12/29/15,74.44
12/30/15,73.62
12/31/15,72.61
1/3/16,72.61
1/4/16,73.55
1/5/16,74.84
1/6/16,74.08
1/7/16,73.88
1/10/16,71.38
1/11/16,72.42
1/12/16,73.36
1/13/16,71.64
1/14/16,70.41
1/17/16,70.08
1/18/16,70.08
1/19/16,69.24
1/20/16,67.59
1/21/16,68.64
1/24/16,69.72
1/25/16,68.92
1/26/16,70.44
1/27/16,70.69
1/28/16,70.99
1/31/16,72.42
2/1/16,72.83
2/2/16,73.31
2/3/16,72.57
2/4/16,70.04
2/7/16,69.56
2/8/16,70
2/9/16,69.86
2/10/16,68.76
2/11/16,68.05
2/14/16,69.95
2/15/16,69.95
2/16/16,71.5
2/17/16,72.1
2/18/16,72.53
2/21/16,72.32
2/22/16,72.47
2/23/16,73.99
2/24/16,76.94
2/25/16,78.67
2/28/16,78.43
2/29/16,78.45
3/1/16,80.96
3/2/16,81.1
3/3/16,79.71
3/6/16,81.13
3/7/16,80.82
3/8/16,80.53
3/9/16,81.21
3/10/16,81.5
3/13/16,81.87
3/14/16,81.77
3/15/16,81.65
3/16/16,82.39
3/17/16,83.02
3/20/16,82.71
3/21/16,82.2
3/22/16,81.7
3/23/16,81.5
3/24/16,82.04
3/27/16,82.04
3/28/16,82.8
3/29/16,82.97
3/30/16,83.6
3/31/16,82.28
4/3/16,82.76
4/4/16,82.3
4/5/16,82.1
4/6/16,82.17
4/7/16,81.57
4/10/16,80.88
4/11/16,79.77
4/12/16,80.78
4/13/16,81.56
4/14/16,81.78
4/17/16,82.6
4/18/16,83.42
4/19/16,83.98
4/20/16,82.87
4/21/16,82.75
4/24/16,82.33
4/25/16,82.6
4/26/16,82.6
4/27/16,83.29
4/28/16,81.33
5/1/16,79.5
5/2/16,80.12
5/3/16,79.99
5/4/16,79.71
5/5/16,78.13
5/8/16,78.74
5/9/16,79.93
5/10/16,80.05
5/11/16,75.7
5/12/16,75.6
5/15/16,73.88
5/16/16,74.61
5/17/16,73.61
5/18/16,68
5/19/16,67.06
5/22/16,68.66
5/23/16,67.93
5/24/16,68.69
5/25/16,69.28
5/26/16,68.91
5/29/16,68.9
5/30/16,68.9
5/31/16,68.78
6/1/16,68.41
6/2/16,68.32
6/5/16,68.65
6/6/16,68.81
6/7/16,68.24
6/8/16,68.62
6/9/16,67.69
6/12/16,67.88
6/13/16,66.89
6/14/16,66.74
6/15/16,67.27
6/16/16,66.98
6/19/16,67.5
6/20/16,67.99
6/21/16,68.3
6/22/16,68.86
6/23/16,69.78
6/26/16,69.35
6/27/16,69.45
6/28/16,69.74
6/29/16,70
6/30/16,69.82
7/3/16,70.05
7/4/16,70.05
7/5/16,69.74
7/6/16,70.51
7/7/16,70.09
7/10/16,71.31
7/11/16,72.54
7/12/16,73.52
7/13/16,73.17
7/14/16,73.49
7/17/16,73.04
7/18/16,73.96
7/19/16,73.95
7/20/16,74.48
7/21/16,74.34
7/24/16,74.92
7/25/16,76.3
7/26/16,76.22
7/27/16,75.25
7/28/16,74.79
7/31/16,75.33
8/1/16,75.51
8/2/16,73.89
8/3/16,74.1
8/4/16,74.14
8/7/16,74.94
8/8/16,75
8/9/16,72.61
8/10/16,73.05
8/11/16,74.01
8/14/16,75.81
8/15/16,75.53
8/16/16,75.48
8/17/16,70.63
8/18/16,70.3
8/21/16,70.12
8/22/16,70.39
8/23/16,71.05
8/24/16,71.73
8/25/16,70.81
8/28/16,70.35
8/29/16,71.05
8/30/16,70.39
8/31/16,70.19
9/1/16,70.58
9/4/16,70.81
9/5/16,70.81
9/6/16,70.1
9/7/16,70.3
9/8/16,69.46
9/11/16,69
9/12/16,69.3
9/13/16,68.94
9/14/16,68.2
9/15/16,69.21
9/18/16,69.23
9/19/16,68.89
9/20/16,68.62
9/21/16,69.47
9/22/16,68.56
9/25/16,68.77
9/26/16,67.22
9/27/16,68.29
9/28/16,67.82
9/29/16,67.72
10/2/16,68.68
10/3/16,68.68
10/4/16,68.65
10/5/16,67.74
10/6/16,68.41
10/9/16,69.04
10/10/16,68.86
10/11/16,68.39
10/12/16,67.86
10/13/16,67.89
10/16/16,68.11
10/17/16,67.24
10/18/16,67.36
10/19/16,67.53
10/20/16,67.71
10/23/16,68.23
10/24/16,68.26
10/25/16,67.95
10/26/16,68.59
10/27/16,67.62
10/30/16,68.83
10/31/16,68.73
11/1/16,67.78
11/2/16,68.26
11/3/16,66.67
11/6/16,66.53
11/7/16,67.53
11/8/16,67.05
11/9/16,68.81
11/10/16,70.54
11/13/16,71.35
11/14/16,72.17
11/15/16,71.44
11/16/16,76.03
11/17/16,76.13
11/20/16,76.19
11/21/16,76.51
11/22/16,77.87
11/23/16,78.48
11/24/16,78.48
11/27/16,78.61
11/28/16,77.72
11/29/16,78.41
11/30/16,77.24
12/1/16,77.82
12/4/16,77.94
12/5/16,76.98
12/6/16,76.77
12/7/16,76.97
12/8/16,77.84
12/11/16,77.39
12/12/16,76.74
12/13/16,77.67
12/14/16,77.19
12/15/16,76.98
12/18/16,76.75
12/19/16,77.04
12/20/16,77.65
12/21/16,77.13
12/22/16,73.74
12/25/16,73.5
12/26/16,73.5
12/27/16,73.7
12/28/16,72.83
12/29/16,72.62
1/1/17,72.23
1/2/17,72.23
1/3/17,72.75
1/4/17,73.81
1/5/17,72.56
1/8/17,71.44
1/9/17,71.43
1/10/17,71.43
1/11/17,71.61
1/12/17,71.25
1/15/17,70.19
1/16/17,70.19
1/17/17,70.94
1/18/17,66.85
1/19/17,65.39
1/22/17,64.1
1/23/17,63.85
1/24/17,64.41
1/25/17,65
1/26/17,64.17
1/29/17,63.7
1/30/17,64.12
1/31/17,64.48
2/1/17,63.67
2/2/17,63.68
2/5/17,63.75
2/6/17,63.42
2/7/17,63.57
2/8/17,64.77
2/9/17,66.41
2/12/17,65.73
2/13/17,64.81
2/14/17,65.65
2/15/17,65.75
2/16/17,65.2
2/19/17,65.79
2/20/17,65.79
2/21/17,66.21
2/22/17,65.94
2/23/17,64.98
2/26/17,66.51
2/27/17,66.91
2/28/17,58.77
3/1/17,57.83
3/2/17,57.95
3/5/17,57.35
3/6/17,56.1
3/7/17,55.14
3/8/17,55.02
3/9/17,55.2
3/12/17,55.36
3/13/17,55.19
3/14/17,54.75
3/15/17,54.57
3/16/17,54.59
3/19/17,54.29
3/20/17,54.37
3/21/17,53.39
3/22/17,53.58
3/23/17,53.14
3/26/17,53.12
3/27/17,53.33
3/28/17,53.6
3/29/17,55.15
3/30/17,55.25
4/2/17,55.19
4/3/17,54.03
4/4/17,53.43
4/5/17,52.75
4/6/17,53.57
4/9/17,53.24
4/10/17,53.79
4/11/17,53.71
4/12/17,53.4
4/13/17,53.39
4/16/17,53.39
4/17/17,53.68
4/18/17,53.6
4/19/17,53.89
4/20/17,54.64
4/23/17,54.78
4/24/17,54.82
4/25/17,55.15
4/26/17,55.98
4/27/17,56.09
4/30/17,55.85
5/1/17,55.77
5/2/17,56.16
5/3/17,57.34
5/4/17,57.29
5/7/17,57.32
5/8/17,57.3
5/9/17,58.08
5/10/17,58.41
5/11/17,56.06
5/14/17,55.8
5/15/17,55.35
5/16/17,54.53
5/17/17,55.04
5/18/17,55.83
5/21/17,55.99
5/22/17,55.46
5/23/17,54.49
5/24/17,54.13
5/25/17,54.2
5/28/17,54.4
5/29/17,54.4
5/30/17,54.94
5/31/17,55.15
6/1/17,55.66
6/4/17,55.52
6/5/17,55.63
6/6/17,54.58
6/7/17,54.47
6/8/17,54.63
6/11/17,56.9
6/12/17,57.87
6/13/17,57.38
6/14/17,57.86
6/15/17,55.46
6/18/17,52.61
6/19/17,51.71
6/20/17,50.91
6/21/17,50.52
6/22/17,50.63
6/25/17,50.76
6/26/17,51.48
6/27/17,52.07
6/28/17,52.06
6/29/17,52.09
7/2/17,52.29
7/3/17,52.65
7/4/17,52.65
7/5/17,52.16
7/6/17,51.44
7/9/17,51.07
7/10/17,50.18
7/11/17,50.41
7/12/17,50.87
7/13/17,53.31
7/16/17,53.23
7/17/17,53.73
7/18/17,53.73
7/19/17,54.1
7/20/17,54.58
7/23/17,54.84
7/24/17,54.05
7/25/17,55.1
7/26/17,54.96
7/27/17,56.05
7/30/17,56.11
7/31/17,56.67
8/1/17,56.86
8/2/17,56.8
8/3/17,57.04
8/6/17,57.58
8/7/17,57.88
8/8/17,58.74
8/9/17,57.87
8/10/17,55.64
8/13/17,55.65
8/14/17,55.79
8/15/17,54.35
8/16/17,56.31
8/17/17,56.12
8/20/17,55.65
8/21/17,56.56
8/22/17,56.54
8/23/17,56.46
8/24/17,54.21
8/27/17,55.01
8/28/17,54.44
8/29/17,54.55
8/30/17,54.32
8/31/17,54.53
9/3/17,56.22
9/4/17,56.22
9/5/17,57.35
9/6/17,58.02
9/7/17,58.42
9/10/17,57.27
9/11/17,57.29
9/12/17,57.89
9/13/17,59.51
9/14/17,59.47
9/17/17,59.96
9/18/17,59.09
9/19/17,59.35
9/20/17,59.26
9/21/17,58.33
9/24/17,58.99
9/25/17,58.55
9/26/17,58.59
9/27/17,58.87
9/28/17,58.91
10/1/17,59.01
10/2/17,58.89
10/3/17,58.58
10/4/17,58.66
10/5/17,58.38
10/8/17,57.12
10/9/17,56.25
10/10/17,57.6
10/11/17,59.15
10/12/17,60.19
10/15/17,60.85
10/16/17,60.15
10/17/17,60.17
10/18/17,60.03
10/19/17,60.43
10/22/17,61.76
10/23/17,62.58
10/24/17,62.93
10/25/17,61.92
10/26/17,62.01
10/29/17,60.26
10/30/17,59.55
10/31/17,59.04
11/1/17,58.86
11/2/17,59.79
11/5/17,59.36
11/6/17,59.29
11/7/17,57.89
11/8/17,58.37
11/9/17,59.9
11/12/17,61.4
11/13/17,60.4
11/14/17,60.09
11/15/17,54.16
11/16/17,55.1
11/19/17,58.14
11/20/17,57.88
11/21/17,57.25
11/22/17,57.49
11/23/17,57.49
11/26/17,55.88
11/27/17,55.84
11/28/17,56.62
11/29/17,61.68
11/30/17,59.9
12/3/17,59.51
12/4/17,62.56
12/5/17,62.2
12/6/17,60.72
12/7/17,61.09
12/10/17,61.37
12/11/17,61.76
12/12/17,61.02
12/13/17,62.67
12/14/17,61.94
12/17/17,62.61
12/18/17,64.08
12/19/17,64.06
12/20/17,64.48
12/21/17,65.22
12/24/17,65.39
12/25/17,65.39
12/26/17,65.82
12/27/17,65.14
12/28/17,64.82
12/31/17,65.25
1/1/18,65.25
1/2/18,67.63
1/3/18,67.17
1/4/18,65.85
1/7/18,66.55
1/8/18,67.18
1/9/18,69.14
1/10/18,70.73
1/11/18,74
1/14/18,76.8
1/15/18,76.8
1/16/18,74.96
1/17/18,76.82
1/18/18,77.9
1/21/18,78.1
1/22/18,78.58
1/23/18,78.12
1/24/18,76.89
1/25/18,76.3
1/28/18,76.95
1/29/18,76.8
1/30/18,75.1
1/31/18,75.22
2/1/18,74.97
2/4/18,72.95
2/5/18,70.77
2/6/18,72.71
2/7/18,73.25
2/8/18,71.11
2/11/18,72.45
2/12/18,71.88
2/13/18,73.88
2/14/18,75.35
2/15/18,76.04
2/18/18,75.7
2/19/18,75.7
2/20/18,72.86
2/21/18,72.96
2/22/18,75.03
2/25/18,75.41
2/26/18,76.9
2/27/18,75.57
2/28/18,75.41
3/1/18,74.13
3/4/18,75.15
3/5/18,75.14
3/6/18,71.79
3/7/18,71.43
3/8/18,69.75
3/11/18,70.49
3/12/18,70.67
3/13/18,71.17
3/14/18,70.65
3/15/18,70.63
3/18/18,70.99
3/19/18,70.34
3/20/18,71.56
3/21/18,70.14
3/22/18,68.89
3/25/18,67.88
3/26/18,70.28
3/27/18,68.51
3/28/18,69.18
3/29/18,69.43
4/1/18,69.43
4/2/18,68.98
4/3/18,69.53
4/4/18,71.86
4/5/18,72.44
4/8/18,72.29
4/9/18,71.48
4/10/18,72.79
4/11/18,72.82
4/12/18,72.43
4/15/18,71.52
4/16/18,72
4/17/18,72.45
4/18/18,72.53
4/19/18,70.98
4/22/18,70.32
4/23/18,70.95
4/24/18,70.53
4/25/18,71.14
4/26/18,71.88
4/29/18,72.85
4/30/18,72.6
5/1/18,71.07
5/2/18,71.45
5/3/18,71.15
5/6/18,71.05
5/7/18,69.33
5/8/18,69.42
5/9/18,69.93
5/10/18,70.24
5/13/18,70.25
5/14/18,72.9
5/15/18,73.08
5/16/18,75.23
5/17/18,75.83
5/20/18,75.94
5/21/18,76.87
5/22/18,75.47
5/23/18,71.17
5/24/18,70.94
5/27/18,71.21
5/28/18,71.21
5/29/18,71.7
5/30/18,73.47
5/31/18,72.89
6/3/18,72.8
6/4/18,76.35
6/5/18,78.5
6/6/18,77.9
6/7/18,78.35
6/10/18,78.02
6/11/18,79.06
6/12/18,79.07
6/13/18,78.02
6/14/18,77.22
6/17/18,77.25
6/18/18,77.12
6/19/18,76.57
6/20/18,75.39
6/21/18,76.14
6/24/18,76.04
6/25/18,76.84
6/26/18,76.33
6/27/18,76.87
6/28/18,75.6
7/1/18,76.12
7/2/18,75.77
7/3/18,76.63
7/4/18,76.63
7/5/18,76.55
7/8/18,76.79
7/9/18,77.76
7/10/18,78.3
7/11/18,77.58
7/12/18,76.5
7/15/18,77.72
7/16/18,77.21
7/17/18,77.27
7/18/18,76.85
7/19/18,78.46
7/22/18,77.76
7/23/18,78.69
7/24/18,79.36
7/25/18,79.99
7/26/18,79.86
7/29/18,80.13
7/30/18,81.21
7/31/18,80.68
8/1/18,78.95
8/2/18,80.76
8/5/18,81.45
8/6/18,81.61
8/7/18,82.24
8/8/18,82.39
8/9/18,82.62
8/12/18,82.71
8/13/18,82.06
8/14/18,82.68
8/15/18,80.69
8/16/18,82.07
8/19/18,83.04
8/20/18,83.32
8/21/18,83.27
8/22/18,85.94
8/23/18,86.71
8/26/18,87.31
8/27/18,86.6
8/28/18,86.7
8/29/18,87.63
8/30/18,87.31
9/2/18,87.5
9/3/18,87.5
9/4/18,88.95
9/5/18,88.6
9/6/18,88.88
9/9/18,88.74
9/10/18,89.26
9/11/18,88.8
9/12/18,88.65
9/13/18,88.08
9/16/18,87.94
9/17/18,87.28
9/18/18,87.68
9/19/18,87.16
9/20/18,87.38
9/23/18,87.31
9/24/18,87.24
9/25/18,87.31
9/26/18,87.89
9/27/18,87.51
9/30/18,88.21
10/1/18,88.47
10/2/18,86.62
10/3/18,85.97
10/4/18,84.84
10/7/18,84.52
10/8/18,85.4
10/9/18,85.66
10/10/18,85.2
10/11/18,82.8
10/14/18,84.61
10/15/18,84.6
10/16/18,85.81
10/17/18,84.42
10/18/18,83.36
10/21/18,82.02
10/22/18,83.23
10/23/18,82.67
10/24/18,82.27
10/25/18,83.83
10/28/18,81.94
10/29/18,84.1
10/30/18,85.77
10/31/18,83.63
11/1/18,84.23
11/4/18,84.41
11/5/18,85.35
11/6/18,85.59
11/7/18,86.76
11/8/18,87.6
11/11/18,86.94
11/12/18,85.47
11/13/18,84.32
11/14/18,83.13
11/15/18,80.76
11/18/18,79.68
11/19/18,77.79
11/20/18,69.03
11/21/18,69.26
11/22/18,69.26
11/25/18,67.35
11/26/18,69.25
11/27/18,71.38
11/28/18,71.88
11/29/18,71.17
12/2/18,70.96
12/3/18,72.34
12/4/18,69.31
12/5/18,69.31
12/6/18,69.54
12/9/18,67.81
12/10/18,68.32
12/11/18,66.78
12/12/18,67.79
12/13/18,66.68
12/16/18,67.17
12/17/18,64.32
12/18/18,65.31
12/19/18,62.83
12/20/18,61.7
12/23/18,61.13
12/24/18,61.55
12/25/18,61.55
12/26/18,65.11
12/27/18,64.71
12/30/18,64.96
12/31/18,66.09
1/1/19,66.09
1/2/19,66.44
1/3/19,65.53
1/6/19,66.43
1/7/19,69.68
1/8/19,69.61
1/9/19,70.29
1/10/19,68.29
1/13/19,69.61
1/14/19,68.84
1/15/19,68.21
1/16/19,67.85
1/17/19,69.37
1/20/19,70.68
1/21/19,70.68
1/22/19,70.28
1/23/19,70.32
1/24/19,70.61
1/27/19,72.39
1/28/19,72.12
1/29/19,71.7
1/30/19,72.33
1/31/19,73
2/3/19,71.17
2/4/19,72.44
2/5/19,72.77
2/6/19,72.51
2/7/19,71.86
2/10/19,70.88
2/11/19,70.15
2/12/19,70.41
2/13/19,72.57
2/14/19,72.18
2/17/19,72.84
2/18/19,72.84
2/19/19,73.3
2/20/19,72.71
2/21/19,72.03
2/24/19,72.25
2/25/19,73.1
2/26/19,72.29
2/27/19,73.02
2/28/19,72.64
3/3/19,72.94
3/4/19,72.67
3/5/19,76
3/6/19,76.9
3/7/19,76.17
3/10/19,75.81
3/11/19,76.27
3/12/19,76.18
3/13/19,77.12
3/14/19,76.49
3/17/19,76.66
3/18/19,77.88
3/19/19,78.46
3/20/19,77.54
3/21/19,79.49
3/24/19,78.32
3/25/19,78.53
3/26/19,79.63
3/27/19,79.82
3/28/19,80.32
3/31/19,80.26
4/1/19,79.97
4/2/19,79.46
4/3/19,79.31
4/4/19,81.38
4/7/19,80.94
4/8/19,81.93
4/9/19,80.66
4/10/19,80.75
4/11/19,80.45
4/14/19,80.73
4/15/19,81.98
4/16/19,81.97
4/17/19,82.68
4/18/19,83.26
4/21/19,83.26
4/22/19,82.02
4/23/19,82.16
4/24/19,82.88
4/25/19,81.74
4/28/19,77.12
4/29/19,77.8
4/30/19,77.42
5/1/19,75.67
5/2/19,76.42
5/5/19,75.94
5/6/19,75.98
5/7/19,75.04
5/8/19,75.41
5/9/19,75.11
5/12/19,74.64
5/13/19,71.68
5/14/19,71.26
5/15/19,70.81
5/16/19,70.78
5/19/19,70.89
5/20/19,72.08
5/21/19,71.96
5/22/19,77.56
5/23/19,79.4
5/26/19,81.57
5/27/19,81.57
5/28/19,80.77
5/29/19,79.64
5/30/19,80.39
6/2/19,80.45
6/3/19,82.95
6/4/19,85.85
6/5/19,85.49
6/6/19,85.7
6/9/19,86.85
6/10/19,87.55
6/11/19,87.85
6/12/19,88.26
6/13/19,88.3
6/16/19,87.79
6/17/19,87.14
6/18/19,86.47
6/19/19,86.16
6/20/19,86.21
6/23/19,87.6
6/24/19,86.72
6/25/19,85.7
6/26/19,85.59
6/27/19,85.87
6/30/19,86.61
7/1/19,86.94
7/2/19,87.04
7/3/19,87.9
7/4/19,87.9
7/7/19,88.64
7/8/19,88.91
7/9/19,87.8
7/10/19,85.85
7/11/19,86.47
7/14/19,87.53
7/15/19,86.8
7/16/19,88.31
7/17/19,87.86
7/18/19,88.5
7/21/19,88.01
7/22/19,87.22
7/23/19,88.54
7/24/19,89.09
7/25/19,87.97
7/28/19,87.06
7/29/19,87.23
7/30/19,86.88
7/31/19,86.4
8/1/19,82.62
8/4/19,81.52
8/5/19,80.79
8/6/19,82.77
8/7/19,83.01
8/8/19,83.8
8/11/19,82.41
8/12/19,82.03
8/13/19,84.24
8/14/19,81.89
8/15/19,82.56
8/18/19,84.21
8/19/19,86.58
8/20/19,85.53
8/21/19,103
8/22/19,106.32
8/25/19,103.49
8/26/19,104.77
8/27/19,104.7
8/28/19,106.4
8/29/19,107.93
9/1/19,107.04
9/2/19,107.04
9/3/19,106.71
9/4/19,107.36
9/5/19,108.54
9/8/19,109.85
9/9/19,107.95
9/10/19,108.83
9/11/19,108.97
9/12/19,108.94
9/15/19,107.99
9/16/19,106.96
9/17/19,107.28
9/18/19,106.97
9/19/19,107.87
9/22/19,106.67
9/23/19,108.78
9/24/19,107.45
9/25/19,106.8
9/26/19,106.29
9/29/19,106.12
9/30/19,106.91
10/1/19,105.94
10/2/19,105.16
10/3/19,106.62
10/6/19,109.1
10/7/19,107.95
10/8/19,108.52
10/9/19,110.36
10/10/19,110.57
10/13/19,111.83
10/14/19,111.15
10/15/19,111.89
10/16/19,112.19
10/17/19,113.23
10/20/19,112.81
10/21/19,113.68
10/22/19,113.19
10/23/19,111.36
10/24/19,110.25
10/27/19,109.02
10/28/19,109.72
10/29/19,108.15
10/30/19,107.93
10/31/19,106.91
11/3/19,107.82
11/4/19,108.77
11/5/19,110.06
11/6/19,110.51
11/7/19,110.59
11/10/19,110.15
11/11/19,110.45
11/12/19,108.35
11/13/19,108.58
11/14/19,111.11
11/17/19,113.21
11/18/19,111.96
11/19/19,110.85
11/20/19,126.43
11/21/19,127.65
11/24/19,127.02
11/25/19,125.19
11/26/19,126.89
11/27/19,125.9
11/28/19,125.9
12/1/19,125.01
12/2/19,123.98
12/3/19,124.04
12/4/19,124.52
12/5/19,124.68
12/8/19,125.03
12/9/19,126.45
12/10/19,125.77
12/11/19,125.8
12/12/19,127.52
12/15/19,127.22
12/16/19,125.96
12/17/19,128.38
12/18/19,128.08
12/19/19,128.7
12/22/19,129.15
12/23/19,128.34
12/24/19,128.55
12/25/19,128.55
12/26/19,128.89
12/29/19,129.21
12/30/19,128.89
12/31/19,128.21
1/1/20,128.21
1/2/20,126.07
1/5/20,124.76
1/6/20,123.58
1/7/20,123.8
1/8/20,123.4
1/9/20,123.5
1/12/20,124.73
1/13/20,123.87
1/14/20,125.26
1/15/20,117
1/16/20,116.32
1/19/20,116.92
1/20/20,116.92
1/21/20,114.04
1/22/20,113.9
1/23/20,115.53
1/26/20,114.32
1/27/20,115.78
1/28/20,115.44
1/29/20,114.27
1/30/20,114.67
2/2/20,110.74
2/3/20,112.51
2/4/20,113.25
2/5/20,115.53
2/6/20,115.14
2/9/20,115.61
2/10/20,116.98
2/11/20,116.69
2/12/20,118.11
2/13/20,118.28
2/16/20,116.63
2/17/20,116.63
2/18/20,117.83
2/19/20,117.39
2/20/20,118.26
2/23/20,117.01
2/24/20,113.78
2/25/20,111.72
2/26/20,110.66
2/27/20,105.62
3/1/20,103
3/2/20,109.06
3/3/20,105.84
3/4/20,107.82
3/5/20,105.97
3/8/20,105.95
3/9/20,104.03
3/10/20,108.33
3/11/20,105.58
3/12/20,92.62
3/15/20,101.02
3/16/20,93.79
3/17/20,103.63
3/18/20,102.82
3/19/20,100.5
3/22/20,97.4
3/23/20,96.69
3/24/20,100.56
3/25/20,91.04
3/26/20,96.07
3/29/20,94.74
3/30/20,96.01
3/31/20,92.97
4/1/20,95.27
4/2/20,94.36
4/5/20,92.57
4/6/20,97.51
4/7/20,98.26
4/8/20,104.63
4/9/20,104.2
4/12/20,104.2
4/13/20,104.68
4/14/20,108.38
4/15/20,106.24
4/16/20,109.3
4/19/20,113.42
4/20/20,108.98
4/21/20,106.9
4/22/20,106.84
4/23/20,103.86
4/26/20,107.82
4/27/20,109.88
4/28/20,112
4/29/20,112.1
4/30/20,109.74
5/3/20,108.23
5/4/20,111.71
5/5/20,111.76
5/6/20,113.58
5/7/20,113.36
5/10/20,115.83
5/11/20,120.18
5/12/20,119.39
5/13/20,119.14
5/14/20,119.94
5/17/20,120.94
5/18/20,125.2
5/19/20,123.17
5/20/20,119.63
5/21/20,118.68
5/24/20,117.49
5/25/20,117.49
5/26/20,115.12
5/27/20,117.41
5/28/20,118.43
5/31/20,122.33
6/1/20,119.49
6/2/20,118.85
6/3/20,121.73
6/4/20,119.96
6/7/20,121.53
6/8/20,122.37
6/9/20,120.72
6/10/20,120
6/11/20,118.01
6/14/20,116.9
6/15/20,118.15
6/16/20,119.21
6/17/20,118.27
6/18/20,117.3
6/21/20,120.56
6/22/20,122.43
6/23/20,121.5
6/24/20,119.72
6/25/20,119.81
6/28/20,117.02
6/29/20,118.57
6/30/20,119.93
7/1/20,118.96
7/2/20,119.12
7/5/20,119.12
7/6/20,119.24
7/7/20,118.06
7/8/20,117.7
7/9/20,117.9
7/12/20,118.86
7/13/20,118.73
7/14/20,120.08
7/15/20,121.67
7/16/20,121.95
7/19/20,121.67
7/20/20,119.82
7/21/20,120.2
7/22/20,123.14
7/23/20,122.35
7/26/20,123.71
7/27/20,122.69
7/28/20,123.29
7/29/20,123.68
7/30/20,124.58
8/2/20,125.88
8/3/20,127.84
8/4/20,130.45
8/5/20,129.37
8/6/20,129.01
8/9/20,131.75
8/10/20,132.94
8/11/20,131.72
8/12/20,134.6
8/13/20,134.81
8/16/20,136.53
8/17/20,138.24
8/18/20,136.9
8/19/20,154.22
8/20/20,152.24
8/23/20,153.63
8/24/20,153.24
8/25/20,152.85
8/26/20,152.71
8/27/20,150.31
8/30/20,150.85
8/31/20,151.21
9/1/20,150.55
9/2/20,149.84
9/3/20,146.03
9/6/20,147.23
9/7/20,147.23
9/8/20,144
9/9/20,147.55
9/10/20,146.04
9/13/20,147.65
9/14/20,148.44
9/15/20,149.07
9/16/20,147.99
9/17/20,147.61
9/20/20,148.82
9/21/20,149.86
9/22/20,154.08
9/23/20,151.01
9/24/20,152
9/27/20,154.35
9/28/20,156.46
9/29/20,156.94
9/30/20,157.42
10/1/20,158.6
10/4/20,159.1
10/5/20,161.49
10/6/20,158.41
10/7/20,160.68
10/8/20,161.86
10/11/20,163.71
10/12/20,164.57
10/13/20,165.64
10/14/20,163.97
10/15/20,165.46
10/18/20,164.92
10/19/20,164.05
10/20/20,164.87
10/21/20,163.29
10/22/20,159.6
10/25/20,160.23
10/26/20,157.97
10/27/20,157.03
10/28/20,155.21
10/29/20,154.25
11/1/20,152.22
11/2/20,154.39
11/3/20,156.73
11/4/20,156.62
11/5/20,158.63
11/8/20,161.5
11/9/20,154.91
11/10/20,158.07
11/11/20,159.69
11/12/20,159.53
11/15/20,162.88
11/16/20,165.18
11/17/20,163.04
11/18/20,166.85
11/19/20,171.37
11/22/20,172.31
11/23/20,177.56
11/24/20,177.86
11/25/20,179.82
11/26/20,179.82
11/29/20,179.77
11/30/20,179.53
12/1/20,179.05
12/2/20,176.41
12/3/20,174.92
12/6/20,175.03
12/7/20,172.91
12/8/20,172.72
12/9/20,174.07
12/10/20,172.4
12/13/20,171.71
12/14/20,170.99
12/15/20,171.41
12/16/20,171.69
12/17/20,171.24
12/20/20,170.42
12/21/20,171.76
12/22/20,172.35
12/23/20,174.91
12/24/20,175.19
12/27/20,175.19
12/28/20,176.39
12/29/20,175.04
12/30/20,173.88
12/31/20,176.53
1/3/21,176.53
1/4/21,177.63
1/5/21,180.37
1/6/21,188.92
1/7/21,191.1
1/10/21,193.6
1/11/21,195.28
1/12/21,199.1
1/13/21,196.82
1/14/21,198.01
1/17/21,194.8
1/18/21,194.8
1/19/21,188.16
1/20/21,188.3
1/21/21,191.27
1/24/21,191.91
1/25/21,190.15
1/26/21,187.7
1/27/21,178.28
1/28/21,183.58
1/31/21,181.17
2/1/21,183.57
2/2/21,185.59
2/3/21,185.11
2/4/21,188.59
2/7/21,188.86
2/8/21,193.95
2/9/21,194.29
2/10/21,192.44
2/11/21,190.41
2/14/21,191.43
2/15/21,191.43
2/16/21,190.59
2/17/21,193.6
2/18/21,191.41
2/21/21,188.82
2/22/21,188.99
2/23/21,186.36
2/24/21,187.08
2/25/21,185.08
2/28/21,183.44
3/1/21,186.09
3/2/21,173.49
3/3/21,173.61
3/4/21,169.82
3/7/21,172.61
3/8/21,176.87
3/9/21,179.18
3/10/21,178.58
3/11/21,179.32
3/14/21,180.01
3/15/21,181.1
3/16/21,180.21
3/17/21,178.4
3/18/21,179.61
3/21/21,187.55
3/22/21,188.04
3/23/21,188.92
3/24/21,188.28
3/25/21,192.7
3/28/21,200.95
3/29/21,198.21
3/30/21,199.65
3/31/21,198.07
4/1/21,200.72
4/4/21,200.72
4/5/21,205.35
4/6/21,205.43
4/7/21,204.45
4/8/21,203.46
4/11/21,205.36
4/12/21,205.1
4/13/21,204.94
4/14/21,205.71
4/15/21,205.76
4/18/21,208.55
4/19/21,208.65
4/20/21,207.27
4/21/21,206.77
4/22/21,205.57
4/25/21,206.01
4/26/21,203.63
4/27/21,204.36
4/28/21,204.46
4/29/21,207.38
5/2/21,207.26
5/3/21,211.28
5/4/21,211.61
5/5/21,212.41
5/6/21,213
5/9/21,214.71
5/10/21,214.03
5/11/21,209.24
5/12/21,202.96
5/13/21,208.61
5/16/21,211.16
5/17/21,210.02
5/18/21,206.43
5/19/21,219.01
5/20/21,221.79
5/23/21,225.09
5/24/21,225.41
5/25/21,225.3
5/26/21,227.11
5/27/21,227.37
5/30/21,226.92
5/31/21,226.92
6/1/21,227.27
6/2/21,228.38
6/3/21,229.18
6/6/21,231.34
6/7/21,230.89
6/8/21,235.1
6/9/21,231.94
6/10/21,231.66
6/13/21,232.94
6/14/21,233.07
6/15/21,232.57
6/16/21,231.26
6/17/21,231.22
6/20/21,230.53
6/21/21,233.77
6/22/21,237.21
6/23/21,237.31
6/24/21,239.84
6/27/21,240.55
6/28/21,241.26
6/29/21,241.85
6/30/21,241.74
7/1/21,243.47
7/4/21,246.58
7/5/21,246.58
7/6/21,245.45
7/7/21,247.55
7/8/21,248.58
7/11/21,248.58
7/12/21,252.24
7/13/21,251.75
7/14/21,253.63
7/15/21,252.93
7/18/21,251.15
7/19/21,251.12
7/20/21,254.71
7/21/21,256.05
7/22/21,257.01
7/25/21,261.03
7/26/21,260.86
7/27/21,258.36
7/28/21,257.42
7/29/21,261.66
8/1/21,261.05
8/2/21,257.24
8/3/21,262.2
8/4/21,260.53
8/5/21,261.4
8/8/21,260.09
8/9/21,262.41
8/10/21,264.07
8/11/21,263.01
8/12/21,261.88
8/15/21,261.54
8/16/21,263.15
8/17/21,254.65
8/18/21,247.58
8/19/21,245.41
8/22/21,253.4
8/23/21,252.53
8/24/21,250.65
8/25/21,251.15
8/26/21,248.96
8/29/21,249.18
8/30/21,249.36
8/31/21,246.98
9/1/21,246.37
9/2/21,245.81
9/5/21,244.31
9/6/21,244.31
9/7/21,242.72
9/8/21,246.11
9/9/21,245.44
9/12/21,244.54
9/13/21,243.1
9/14/21,242.24
9/15/21,244.14
9/16/21,246.95
9/19/21,246.67
9/20/21,242.14
9/21/21,241.31
9/22/21,241.77
9/23/21,242.67
9/26/21,241.44
9/27/21,238.58
9/28/21,233.44
9/29/21,235.85
9/30/21,228.77
10/3/21,228.42
10/4/21,225.89
10/5/21,227.56
10/6/21,226.83
10/7/21,229.82
10/10/21,228.9
10/11/21,228.72
10/12/21,230.24
10/13/21,236.75
10/14/21,242.09
10/17/21,245.71
10/18/21,253.65
10/19/21,252.19
10/20/21,251.83
10/21/21,254.21
10/24/21,255.93
10/25/21,260.35
10/26/21,258.73
10/27/21,256.54
10/28/21,258.22
10/31/21,259.62
11/1/21,257.92
11/2/21,260.26
11/3/21,260.41
11/4/21,260.44
11/7/21,254.27
11/8/21,253.33
11/9/21,255.16
11/10/21,254.05
11/11/21,256.01
11/14/21,260.02
11/15/21,264.33
11/16/21,266.39
11/17/21,253.8
11/18/21,252.05
11/21/21,250.7
11/22/21,244.57
11/23/21,249.18
11/24/21,248.76
11/25/21,248.76
11/28/21,246.57
11/29/21,249.16
11/30/21,243.84
12/1/21,240.39
12/2/21,245.5
12/5/21,247.57
12/6/21,242.97
12/7/21,245.63
12/8/21,239.6
12/9/21,237.56
12/12/21,238.18
12/13/21,234.17
12/14/21,235.28
12/15/21,236.65
12/16/21,224.78
12/19/21,223.31
12/20/21,219.19
12/21/21,220.07
12/22/21,217.74
12/23/21,221.01
12/26/21,221.01
12/27/21,224.1
12/28/21,224.91
12/29/21,227.92
12/30/21,231.91
1/2/22,231.44
1/3/22,231.95
1/4/22,234.17
1/5/22,228.86
1/6/22,231.35
1/9/22,230.78
1/10/22,227.42
1/11/22,227.55
1/12/22,224.47
1/13/22,225.83
1/16/22,221.4
1/17/22,221.4
1/18/22,220.01
1/19/22,223.84
1/20/22,221.72
1/23/22,217.25
1/24/22,220.58
1/25/22,214.68
1/26/22,211.71
1/27/22,212.18
1/30/22,217.67
1/31/22,220.43
2/1/22,219.23
2/2/22,217.61
2/3/22,213.22
2/6/22,214.04
2/7/22,211.29
2/8/22,212.95
2/9/22,216.64
2/10/22,213.84
2/13/22,211.56
2/14/22,208.57
2/15/22,207.18
2/16/22,207.81
2/17/22,204
2/20/22,204.39
2/21/22,204.39
2/22/22,196.35
2/23/22,189.9
2/24/22,191.55
2/27/22,199.22
2/28/22,199.77
3/1/22,219.43
3/2/22,224.9
3/3/22,223.84
3/6/22,224.1
3/7/22,211.04
3/8/22,208.81
3/9/22,216
3/10/22,214.78
3/13/22,206.97
3/14/22,208.76
3/15/22,215.35
3/16/22,215.59
3/17/22,220.63
3/20/22,226.05
3/21/22,223
3/22/22,222.77
3/23/22,216.72
3/24/22,217.04
3/27/22,218.61
3/28/22,219.52
3/29/22,222.93
3/30/22,221.96
3/31/22,212.22
4/3/22,210.54
4/4/22,214.41
4/5/22,214.79
4/6/22,215.94
4/7/22,228.19
4/10/22,233.34
4/11/22,229.31
4/12/22,231.34
4/13/22,233.82
4/14/22,237.2
4/17/22,237.2
4/18/22,239.39
4/19/22,246.05
4/20/22,249.32
4/21/22,248.17
4/24/22,241.68
4/25/22,241.66
4/26/22,236.5
4/27/22,230.97
4/28/22,236.39
5/1/22,228.65
5/2/22,229.78
5/3/22,232.54
5/4/22,237.43
5/5/22,230.76
5/8/22,225.21
5/9/22,224.2
5/10/22,219.11
5/11/22,213.49
5/12/22,217.27
5/15/22,219.73
5/16/22,219.25
5/17/22,215.28
5/18/22,161.61
5/19/22,153.43
5/22/22,155.36
5/23/22,153.9
5/24/22,149.95
5/25/22,156.42
5/26/22,163.2
5/29/22,167.14
5/30/22,167.14
5/31/22,161.88
6/1/22,156.52
6/2/22,160.91
6/5/22,161.04
6/6/22,159.67
6/7/22,155.98
6/8/22,156.7
6/9/22,154.55
6/12/22,149.67
6/13/22,144.81
6/14/22,142.7
6/15/22,147.44
6/16/22,142.89
6/19/22,139.3
6/20/22,139.3
6/21/22,144.7
6/22/22,140.81
6/23/22,146.81
6/26/22,150.42
6/27/22,149.61
6/28/22,144.52
6/29/22,141.9
6/30/22,141.23
7/3/22,142.38
7/4/22,142.38
7/5/22,145.71
7/6/22,144.81
7/7/22,149.96
7/10/22,147.99
7/11/22,146.39
7/12/22,144.56
7/13/22,145.44
7/14/22,146.29
7/17/22,146.67
7/18/22,149.36
7/19/22,153.36
7/20/22,156.5
7/21/22,158.66
7/24/22,157.74
7/25/22,157.49
7/26/22,151.81
7/27/22,154.6
7/28/22,159.42
7/31/22,163.38
8/1/22,165.55
8/2/22,163.48
8/3/22,167.92
8/4/22,166.56
8/7/22,166.13
8/8/22,166.97
8/9/22,165.12
8/10/22,169.67
8/11/22,169.6
8/14/22,172.48
8/15/22,173.39
8/16/22,180.19
8/17/22,175.34
8/18/22,173.05
8/21/22,167.04
8/22/22,161.96
8/23/22,161.97
8/24/22,163.13
8/25/22,167.5
8/28/22,160.62
8/29/22,158.69
8/30/22,160.78
8/31/22,160.34
9/1/22,164.84
9/4/22,164.6
9/5/22,164.6
9/6/22,163.58
9/7/22,170.79
9/8/22,171.9
9/11/22,173.65
9/12/22,173.85
9/13/22,166.24
9/14/22,165.38
9/15/22,165.01
9/18/22,164.09
9/19/22,164.76
9/20/22,160.03
9/21/22,159.03
9/22/22,152.96
9/25/22,152.61
9/26/22,148.71
9/27/22,148.47
9/28/22,155.87
9/29/22,151.79
10/2/22,148.39
10/3/22,151.79
10/4/22,156.96
10/5/22,156.41
10/6/22,155.75
10/9/22,152.34
10/10/22,153.1
10/11/22,154.5
10/12/22,154.16
10/13/22,154.12
10/16/22,145.69
10/17/22,149.25
10/18/22,157.23
10/19/22,155.39
10/20/22,154.4
10/23/22,159.19
10/24/22,161.82
10/25/22,165.8
10/26/22,166.77
10/27/22,166.9
10/30/22,167.52
10/31/22,164.25
11/1/22,164.59
11/2/22,160.2
11/3/22,159.8
11/6/22,159.63
11/7/22,159.87
11/8/22,161.62
11/9/22,152.99
11/10/22,164.38
11/13/22,173.32
11/14/22,173.26
11/15/22,178.98
11/16/22,155.47
11/17/22,162.01
11/20/22,162.88
11/21/22,158.02
11/22/22,157.86
11/23/22,163.41
11/24/22,163.41
11/27/22,163.38
11/28/22,165.37
11/29/22,166.37
11/30/22,167.07
12/1/22,165.03
12/4/22,164.16
12/5/22,154.93
12/6/22,155.05
12/7/22,153.76
12/8/22,154.21
12/11/22,152.28